1;Preloader_loadingScreen_playButtonMask
2;Preloader_loadingScreen_chatCycleBackground
3;Preloader_loadingScreen_playButton
4;Preloader_loadingScreen_female_side_10
5;Preloader_LOADER_FONT
6;Preloader_loadingScreen_chatCycleButton
7;Preloader_loadingScreen_progressPopup
8;Preloader_loadingScreen_female_side_4
10;Preloader_loadingScreen_female_side_3
9;Preloader_loadingScreen_background
11;Preloader_loadingScreen_female_side_2
12;Preloader_loadingScreen_female_side_1
13;Preloader_loadingScreen_boySpeechBubble
15;Preloader_loadingScreen_fillBar
14;Preloader_loadingScreen_female_side_still
16;Preloader_loadingScreen_female_side_9
17;Preloader_loadingScreen_female_side_8
18;Preloader_loadingScreen_female_side_7
19;Preloader_loadingScreen_female_side_6
20;Preloader_loadingScreen_female_side_5
0;Preloader
21;Utilities.SoundController_forestTrack
22;Utilities.SoundController_tower_eggeryDoorClosing
23;Utilities.SoundController_battle_levelUp
24;Utilities.SoundController_menu_tutorialOpen
25;Utilities.SoundController_tower_moneyPickup
26;Utilities.SoundController_battle_misc1
27;Utilities.SoundController_tower_openingChest
28;Utilities.SoundController_battleTrack
29;Utilities.SoundController_battle_debuff
30;Utilities.SoundController_battle_gunFire
31;Utilities.SoundController_battle_blood1
32;Utilities.SoundController_undeadTrack
33;Utilities.SoundController_fireTrack
34;Utilities.SoundController_battle_blood3
35;Utilities.SoundController_battle_hit_thump_splat
36;Utilities.SoundController_tower_healstone
37;Utilities.SoundController_battle_hit_thump_knock
38;Utilities.SoundController_tower_teleport
39;Utilities.SoundController_menu_tickSound
40;Utilities.SoundController_battle_waterSplash
41;Utilities.SoundController_battle_hit_slap_normal
42;Utilities.SoundController_battle_hit_thump_bounce
43;Utilities.SoundController_battle_metalImpact
44;Utilities.SoundController_tower_fireplace
45;Utilities.SoundController_battle_dinoRoar
46;Utilities.SoundController_battle_demonicGrowl
47;Utilities.SoundController_battle_ghostWispher
48;Utilities.SoundController_battle_roar
49;Utilities.SoundController_battle_charging
50;Utilities.SoundController_menu_buyingItem
51;Utilities.SoundController_tower_runningWater
52;Utilities.SoundController_battle_whoosh_magic2
53;Utilities.SoundController_battle_fireBall
54;Utilities.SoundController_tower_eggsGoingIntoTheGround
55;Utilities.SoundController_battle_whoosh_magic1
56;Utilities.SoundController_battle_whoosh_magic4
57;Utilities.SoundController_battle_whoosh_magic3
58;Utilities.SoundController_battle_electric_bolt
59;Utilities.SoundController_battle_whoosh_misslePass
60;Utilities.SoundController_doorEntryHum
61;Utilities.SoundController_battle_swipe
62;Utilities.SoundController_battle_whoosh_sword_swipe
63;Utilities.SoundController_battle_whoosh_falling_object
64;Utilities.SoundController_battle_lose
65;Utilities.SoundController_battle_earthquake
66;Utilities.SoundController_battle_rockHittingGround
67;Utilities.SoundController_battle_whoosh_highPitch
68;Utilities.SoundController_titleTrack
69;Utilities.SoundController_battle_rayGun
70;Utilities.SoundController_menu_onPress
71;Utilities.SoundController_battle_whoosh_wind
72;Utilities.SoundController_electricTrack
73;Utilities.SoundController_battle_victory
74;Utilities.SoundController_battle_flamethrower
75;Utilities.SoundController_battle_ghostWispher2
76;Utilities.SoundController_riverTrack
77;Utilities.SoundController_battle_whoosh_punch
78;Utilities.SoundController_battle_hit_slap_quick
79;Utilities.SoundController_battle_hit_splat
80;Utilities.SoundController_battle_freezeExplosion
81;Utilities.SoundController_battle_buff
82;Utilities.SoundController_battle_wingsFlapping
83;Utilities.SoundController_battle_glassBreaking
84;Utilities.SoundController_battle_exhausted
85;Utilities.SoundController_battle_spark
86;Utilities.SoundController_battle_whoosh_swipe
87;Utilities.SoundController_tower_keyPickup
88;Utilities.SoundController_battle_earthquake2
89;Utilities.SoundController_battle_magic1
90;Utilities.SoundController_battle_bubbles
91;Utilities.SoundController_tower_gettingMap
92;Utilities.SoundController_battle_metalImpact2
93;Utilities.SoundController_doorEntryHum_fadeout
94;Utilities.SoundController_battle_hit_thump_normal
95;Utilities.SoundController_battle_whoosh_falling_deepSound
96;Utilities.SoundController_tower_gemPickup
97;Utilities.SoundController_tower_doorUnlock
98;Utilities.SoundController_battle_whoosh
99;Utilities.SpriteHandler_miniMap_hallway_floor24
100;Utilities.SpriteHandler_miniMap_hallway_floor23
101;Utilities.SpriteHandler_roomSelect_electricRoom
102;Utilities.SpriteHandler_miniMap_hallway_floor20
103;Utilities.SpriteHandler_miniMap_hallway_floor22
104;Utilities.SpriteHandler_miniMap_hallway_floor21
105;Utilities.SpriteHandler_mv_boltEye
106;Utilities.SpriteHandler_mv_soundWaves
108;Utilities.SpriteHandler_fireRoom_groundTile
107;Utilities.SpriteHandler_roomSelect_hardModeButton
109;Utilities.SpriteHandler_moveIcon_icyBlast
110;Utilities.SpriteHandler_minionPedia_minionSelectBackground
111;Utilities.SpriteHandler_moveIcon_iceBarrier
112;Utilities.SpriteHandler_moveIcon_touchFire
113;Utilities.SpriteHandler_menus_backgroundLarge
114;Utilities.SpriteHandler_eggery_eggPit_back
115;Utilities.SpriteHandler_earthBear1
116;Utilities.SpriteHandler_earthBear2
117;Utilities.SpriteHandler_moveIcon_metalMold
118;Utilities.SpriteHandler_menus_gemCombiner_female_charIcon
120;Utilities.LevelContainer_Level_6_2_H3
119;Utilities.SpriteHandler_undeadRoom_cattails
121;Utilities.LevelContainer_Level_6_2_H2
122;Utilities.LevelContainer_Level_6_2_H1
66;Utilities.SoundController_battle_rockHittingGround
123;Utilities.SpriteHandler_battleScreenMenus_newSkillPointIndicator
124;Utilities.SpriteHandler_plantRoom_bush
125;Utilities.SpriteHandler_roomSelect_roomFont_z
126;Utilities.SpriteHandler_modStone_shield
127;Utilities.SpriteHandler_generalRoom_titanEgg
128;Utilities.SpriteHandler_menus_gemCombiner_characterDetailsBackground
129;Utilities.LevelContainer_Level_5_2_E
130;Utilities.LevelContainer_Level_5_2_D
132;Utilities.LevelContainer_Level_5_2_C
131;Utilities.SpriteHandler_plantRoom_berryBushes
134;Utilities.LevelContainer_Level_5_2_B
133;Utilities.SpriteHandler_mv_titanBlast
136;Utilities.LevelContainer_Level_5_2_A
135;Utilities.SpriteHandler_moveIcon_claw
137;Utilities.SpriteHandler_plantRoom_river_wallArch
138;Utilities.SpriteHandler_miniMap_hallway_floor11
140;Utilities.SpriteHandler_electricRoom_labcoatEnemy_front
139;Utilities.SpriteHandler_miniMap_hallway_floor10
141;Utilities.SpriteHandler_moveIcon_peck
142;Utilities.SpriteHandler_demonicBatDog
143;Utilities.SpriteHandler_miniMap_hallway_floor15
144;Utilities.SpriteHandler_miniMap_hallway_floor14
145;Utilities.SpriteHandler_moveIcon_ancientForce
146;Utilities.SpriteHandler_minionPedia_upArrow
147;Utilities.LevelContainer_Level_2_4_D
148;Utilities.LevelContainer_Level_2_4_C
149;Utilities.LevelContainer_Level_2_4_B
150;Utilities.LevelContainer_Level_2_4_A
151;Utilities.SpriteHandler_moveIcon_ferocity
152;Utilities.LevelContainer_Level_2_4_E
44;Utilities.SoundController_tower_fireplace
153;Utilities.SpriteHandler_miniMap_hallway_floor18
154;Utilities.SpriteHandler_miniMap_hallway_floor19
155;Utilities.SpriteHandler_miniMap_hallway_floor16
156;Utilities.SpriteHandler_miniMap_hallway_floor17
157;Utilities.SpriteHandler_plantRoom_outdoorEnemy_side
159;Utilities.SpriteHandler_battleScreenBackground_horizon
158;Utilities.SpriteHandler_moveIcon_skillfull
160;Utilities.SpriteHandler_roomSelect_roomFont_8
161;Utilities.SpriteHandler_roomSelect_roomFont_7
162;Utilities.SpriteHandler_roomSelect_roomFont_9
163;Utilities.SpriteHandler_roomSelect_roomFont_4
165;Utilities.SpriteHandler_generalRoom_undeadGymEnemy
164;Utilities.SpriteHandler_roomSelect_roomFont_3
166;Utilities.SpriteHandler_roomSelect_roomFont_6
167;Utilities.SpriteHandler_roomSelect_roomFont_5
168;Utilities.SpriteHandler_roomSelect_roomFont_0
169;Utilities.SpriteHandler_roomSelect_roomFont_2
172;Utilities.SpriteHandler_mv_steelSpike
171;Utilities.SpriteHandler_moveIcon_penance
170;Utilities.SpriteHandler_roomSelect_roomFont_1
173;Utilities.SpriteHandler_menus_youMenu_starUpgradeButtonMinionSpeed
174;Utilities.SpriteHandler_moveIcon_holyStrike
175;Utilities.SpriteHandler_generalRoom_topDoor
33;Utilities.SoundController_fireTrack
176;Utilities.SpriteHandler_mainCharacter_female_back_1
177;Utilities.SpriteHandler_menus_speechBubble_noButton
178;Utilities.SpriteHandler_mv_fang
179;Utilities.SpriteHandler_sageSeal_4_1
180;Utilities.SpriteHandler_sageSeal_4_2
181;Utilities.SpriteHandler_menus_selectionPopUp_saveButton
182;Utilities.SpriteHandler_modStone_extraMinionOnDeathStone
183;Utilities.SpriteHandler_entryObject
184;Utilities.SpriteHandler_fireRoom_musclesEnemy_side
185;Utilities.SpriteHandler_generalRoom_sideTable_top
186;Utilities.SpriteHandler_generalRoom_wideRedRunner_top
187;Utilities.SpriteHandler_sageSeal_4_3
188;Utilities.SpriteHandler_mv_titanSword
189;Utilities.SpriteHandler_tutorial_firstGem_side
190;Utilities.SpriteHandler_miniMap_background
191;Utilities.SpriteHandler_generalRoom_floorTile
193;Utilities.SpriteHandler_mv_iceShield
192;Utilities.SpriteHandler_gemTier2_shape
194;Utilities.SpriteHandler_generalRoom_plantWizardMedallionStatue
195;Utilities.SpriteHandler_mv_blueLightningBolt
196;Utilities.LevelContainer_Level_4_1_Eggery
197;Utilities.SpriteHandler_menus_electricMedallion
198;Utilities.SpriteHandler_gemTier9_shape
199;Utilities.SpriteHandler_generalRoom_purple_floorRunnerTop
200;Utilities.SpriteHandler_topDown_notTellingButton
201;Utilities.SpriteHandler_moveIcon_focusedCharge
203;Utilities.SpriteHandler_generalRoom_undeadWizardMedallionStatue
202;Utilities.SpriteHandler_moveDescription_type_holy
205;Utilities.SpriteHandler_plantRoom_pond
204;Utilities.SpriteHandler_moveIcon_sleet
206;Utilities.SpriteHandler_moveIcon_slow
43;Utilities.SoundController_battle_metalImpact
208;Utilities.SpriteHandler_roomSelect_fireRoom
207;Utilities.SpriteHandler_menus_statsBars_cap_attack
209;Utilities.SpriteHandler_battleScreenMenus_healthFillBar_background
210;Utilities.SpriteHandler_generalRoom_gemCombiner_anvil
211;Utilities.SpriteHandler_generalRoom_bottomWall
213;Utilities.LevelContainer_Level_5_2_Eggery
212;Utilities.SpriteHandler_titleScreen_plantSageStone
214;Utilities.SpriteHandler_battleScreenMenus_fillBar_expCap
216;Utilities.SpriteHandler_modStone_resurection
215;Utilities.SpriteHandler_mv_leafYinYang
217;Utilities.SpriteHandler_mv_leafWithSkull
64;Utilities.SoundController_battle_lose
36;Utilities.SoundController_tower_healstone
218;Utilities.SpriteHandler_mv_inflame
219;Utilities.SpriteHandler_room_expertTeleporter_glow
220;Utilities.SpriteHandler_bonusItems_gemsBackground
221;Utilities.SpriteHandler_mv_leafSword
223;Utilities.SpriteHandler_menu_muteMusicButton_off
222;Utilities.SpriteHandler_menus_gemLockedButton
225;Utilities.SpriteHandler_moveIcon_overload
224;Utilities.SpriteHandler_moveIcon_priest
226;Utilities.SpriteHandler_roomSelect_normalModeButton
227;Utilities.SpriteHandler_generalRoom_undeadMedallionStatue
228;Utilities.SpriteHandler_moveIcon_lichBurn
229;Utilities.SpriteHandler_energyCheetah1
230;Utilities.LevelContainer_Level_1_3_Eggery
231;Utilities.SpriteHandler_energyCheetah3
232;Utilities.SpriteHandler_energyCheetah2
40;Utilities.SoundController_battle_waterSplash
233;Utilities.SpriteHandler_miniMap_room1
234;Utilities.SpriteHandler_tutorial_newStars_top
235;Utilities.SpriteHandler_mv_lightningFist
236;Utilities.SpriteHandler_modStone_extraMinionCrystal
237;Utilities.SpriteHandler_tutorial_optionalRespectTip
238;Utilities.SpriteHandler_menus_femaleBust_icon
239;Utilities.SpriteHandler_modStone_tombstone
240;Utilities.SpriteHandler_regularDoor
241;Utilities.SpriteHandler_mv_fireball
242;Utilities.SpriteHandler_topDown_pictureRescueButton
243;Utilities.SpriteHandler_fireRoom_musclesEnemy_front
244;Utilities.SpriteHandler_battleScreenMenus_moveNameSingle_sideBubble
246;Utilities.SpriteHandler_moveIcon_phantomStrike
245;Utilities.SpriteHandler_electricRoom_beakerSet1
247;Utilities.SpriteHandler_electricRoom_beakerSet2
248;Utilities.SpriteHandler_generalRoom_velvetRope
249;Utilities.SpriteHandler_menus_minionType_holy
250;Utilities.SpriteHandler_menus_selectionPopUp_saveReturnToLobbyButton
251;Utilities.SpriteHandler_undeadWarrior
255;Utilities.SpriteHandler_undeadRoom_skull
254;Utilities.SpriteHandler_visualMove_moveMissed
253;Utilities.SpriteHandler_mv_stream
252;Utilities.SpriteHandler_moveIcon_cleanseDarkness
256;Utilities.SpriteHandler_moveIcon_boneCrunch
258;Utilities.SpriteHandler_mv_fallingWater
257;Utilities.SpriteHandler_visualMove_statIncrease
259;Utilities.SpriteHandler_moveIcon_titanBlast
260;Utilities.SpriteHandler_battleScreenMenus_fillBar_healthFill
261;Utilities.SpriteHandler_menus_selectionPopUp_background
262;Utilities.SpriteHandler_tutorial_useAHealer
263;Utilities.SpriteHandler_generalRoom_genericTapestry_undead
264;Utilities.LevelContainer_Level_1_1_H3
265;Utilities.LevelContainer_Level_1_1_H4
267;Utilities.SpriteHandler_moveIcon_sporeBlast
266;Utilities.SpriteHandler_tutorial_swapMinions
268;Utilities.SpriteHandler_plantRoom_bridgeTrees_bottomRight
271;Utilities.SpriteHandler_menus_changeButton
270;Utilities.SpriteHandler_moveDescription_type_earth
269;Utilities.SpriteHandler_electricRoom_emptyVat
272;Utilities.SpriteHandler_modStone_extraMoveYourBuffBackground
273;Utilities.SpriteHandler_mainCharacter_male_side_10
274;Utilities.SpriteHandler_undeadGolem
275;Utilities.LevelContainer_Level_1_1_H2
276;Utilities.LevelContainer_Level_1_1_H1
277;Utilities.LevelContainer_Level_1_1_H0
278;Utilities.SpriteHandler_moveIcon_poisonIvy
280;Utilities.SpriteHandler_moveIcon_overflow
279;Utilities.SpriteHandler_plantSquid3
281;Utilities.SpriteHandler_plantSquid1
282;Utilities.SpriteHandler_plantSquid2
283;Utilities.SpriteHandler_miniMap_hallway_floor5_2
284;Utilities.SpriteHandler_miniMap_hallway_floor5_1
285;Utilities.SpriteHandler_generalRoom_lowerRight_tSection
286;Utilities.LevelContainer_Level_4_2_C
287;Utilities.LevelContainer_Level_4_2_D
289;Utilities.SpriteHandler_moveIcon_poisonTooth
288;Utilities.LevelContainer_Level_4_2_A
290;Utilities.LevelContainer_Level_4_2_B
291;Utilities.LevelContainer_Level_1_4_Eggery
292;Utilities.SpriteHandler_mv_sparks
52;Utilities.SoundController_battle_whoosh_magic2
294;Utilities.SpriteHandler_hud_statBonus_0
293;Utilities.LevelContainer_Level_4_2_E
55;Utilities.SoundController_battle_whoosh_magic1
295;Utilities.SpriteHandler_hud_statBonus_1
296;Utilities.SpriteHandler_hud_statBonus_2
298;Utilities.SpriteHandler_generalRoom_sideTable_center
297;Utilities.SpriteHandler_hud_statBonus_3
299;Utilities.SpriteHandler_hud_statBonus_4
300;Utilities.SpriteHandler_mv_windLance
301;Utilities.SpriteHandler_moveIcon_titanLight
302;Utilities.SpriteHandler_menus_minionType_robot
57;Utilities.SoundController_battle_whoosh_magic3
56;Utilities.SoundController_battle_whoosh_magic4
304;Utilities.SpriteHandler_generalRoom_titanEggPit_back
303;Utilities.SpriteHandler_robotDeathCall
305;Utilities.SpriteHandler_menus_tempAd
307;Utilities.SpriteHandler_mv_teethSet
306;Utilities.SpriteHandler_generalRoom_genericTapestrySide_plant
308;Utilities.SpriteHandler_electricRoom_sideTable_top
309;Utilities.SpriteHandler_waterHorse
310;Utilities.SpriteHandler_titleScreen_undeadWizardSageStone
311;Utilities.SpriteHandler_undeadRoom_costumeEnemy_side
313;Utilities.SpriteHandler_visualMove_exhausted
312;Utilities.SpriteHandler_menus_minionType_titan
41;Utilities.SoundController_battle_hit_slap_normal
314;Utilities.SpriteHandler_generalRoom_bottomDoor_floorPatch
315;Utilities.SpriteHandler_moveIcon_titanHeal
316;Utilities.SpriteHandler_undeadRoom_groundTile_purpleCracks
318;Utilities.SpriteHandler_tutorial_energyBarBackground
317;Utilities.SpriteHandler_menus_minionType_fire
319;Utilities.SpriteHandler_waterLandShark
320;Utilities.SpriteHandler_mainMenu_saveSlotFilled
321;Utilities.SpriteHandler_electricRoom_machine
323;Utilities.SpriteHandler_mv_fireBolt
322;Utilities.SpriteHandler_generalRoom_sideTable_bottom
324;Utilities.Mover_moverButtonAssest
325;Utilities.SpriteHandler_menus_selectionPopUp_switchButton
326;Utilities.SpriteHandler_menus_settings_graphicSetting_mid
327;Utilities.LevelContainer_Level_5_4_Eggery
328;Utilities.SpriteHandler_menus_gemsBackground
329;Utilities.SpriteHandler_moveIcon_boneChill
330;Utilities.SpriteHandler_modStone_shieldStone
331;Utilities.LevelContainer_Level_6_1_D
332;Utilities.LevelContainer_Level_6_1_E
333;Utilities.LevelContainer_Level_6_1_F
334;Utilities.LevelContainer_Level_6_1_A
335;Utilities.LevelContainer_Level_6_1_B
336;Utilities.LevelContainer_Level_6_1_C
337;Utilities.SpriteHandler_collRect
338;Utilities.SpriteHandler_roomSelect_grassRares
339;Utilities.SpriteHandler_menus_undeadWizardMedallion
341;Utilities.SpriteHandler_menus_skillTree_pointsBubble
340;Utilities.SpriteHandler_menus_gemCombiner_addButton
342;Utilities.SpriteHandler_fireRoom_firePit
343;Utilities.SpriteHandler_notEffectivePopup
58;Utilities.SoundController_battle_electric_bolt
344;Utilities.SpriteHandler_fireRoom_sideWall
345;Utilities.SpriteHandler_tutorial_nextButton
346;Utilities.SpriteHandler_battleScreenMenus_evolution_mask
347;Utilities.SpriteHandler_gemTier5_mask
348;Utilities.SpriteHandler_generalRoom_topTorch_plant
349;Utilities.SpriteHandler_tutorial_yourMinionBackground
351;Utilities.SpriteHandler_roomSelect_upArrow
350;Utilities.SpriteHandler_moveIcon_mudBlast
352;Utilities.SpriteHandler_minionPedia_seenIcon
353;Utilities.SpriteHandler_mainMenu_titleLogo
39;Utilities.SoundController_menu_tickSound
355;Utilities.SpriteHandler_moveIcon_regrowth
354;Utilities.SpriteHandler_moveIcon_freshStream
356;Utilities.SpriteHandler_plantRoom_river_rightEnd
357;Utilities.SpriteHandler_tutorial_newStars_side
358;Utilities.SpriteHandler_menus_minionStorage_nextContainerButton
26;Utilities.SoundController_battle_misc1
360;Utilities.SpriteHandler_fireRaptor2
359;Utilities.SpriteHandler_moveIcon_diamondSkin
361;Utilities.SpriteHandler_fireRaptor3
362;Utilities.SpriteHandler_generalRoom_genericTapestry_electric
363;Utilities.SpriteHandler_generalRoom_purple_floorRunnerMid2
366;Utilities.SpriteHandler_fireRaptor1
365;Utilities.SpriteHandler_generalRoom_purple_floorRunnerMid1
364;Utilities.SpriteHandler_moveIcon_demoralize
22;Utilities.SoundController_tower_eggeryDoorClosing
367;Utilities.SpriteHandler_moveIcon_oreDrill
368;Utilities.SpriteHandler_electricRoom_oilPuddle
369;Utilities.SpriteHandler_generalRoom_expertStatue
370;Utilities.LevelContainer_Level_1_4_A
371;Utilities.SpriteHandler_generalRoom_floorMosaic_floral
372;Utilities.SpriteHandler_moveIcon_fireBlast
72;Utilities.SoundController_electricTrack
373;Utilities.SpriteHandler_miniMap_hwaySmall_vert
374;Utilities.LevelContainer_Level_1_4_F
375;Utilities.LevelContainer_Level_1_4_E
376;Utilities.LevelContainer_Level_1_4_D
377;Utilities.LevelContainer_Level_1_4_C
379;Utilities.LevelContainer_Level_1_4_B
378;Utilities.SpriteHandler_moveIcon_resurgence
380;Utilities.SpriteHandler_undeadRoom_oak
381;Utilities.SpriteHandler_gemCornerPurple
382;Utilities.SpriteHandler_generalRoom_titanDoorBars_down
383;Utilities.SpriteHandler_moveIcon_demonicBargain
384;Utilities.SpriteHandler_mainCharacter_female_side_10
385;Utilities.SpriteHandler_fireRoom_path1
386;Utilities.SpriteHandler_fireRoom_path2
387;Utilities.SpriteHandler_menus_skillTree_movesBackground
82;Utilities.SoundController_battle_wingsFlapping
388;Utilities.SpriteHandler_conformationBox_yesButton
389;MainMenu.MainMenuScreen_FacebookSwf
391;Utilities.SpriteHandler_roomSelect_electricRares
390;Utilities.SpriteHandler_generalRoom_topTorch_undead
393;Utilities.SpriteHandler_menus_returnButton
392;Utilities.SpriteHandler_mv_pawGrind
395;Utilities.SpriteHandler_mv_poundFist
394;Utilities.SpriteHandler_moveIcon_demonicForce
396;Utilities.SpriteHandler_menus_minionStorage_minionSelectIcon
398;Utilities.SpriteHandler_plantRoom_groundTile_deadPatches
397;Utilities.SpriteHandler_menus_settings_onButton
400;Utilities.SpriteHandler_tutorial_hardTrainer
399;Utilities.SpriteHandler_robotHummingbird
401;Utilities.SpriteHandler_electricRoom_wallCables_top2
402;Utilities.SpriteHandler_electricRoom_wallCables_top1
403;Utilities.SpriteHandler_groundCrack_1
404;Utilities.LevelContainer_Level_5_1_Eggery
405;Utilities.SpriteHandler_miniMap_hwaySmall_hori
406;Utilities.SpriteHandler_groundCrack_2
407;Utilities.SpriteHandler_groundCrack_3
408;Utilities.SpriteHandler_groundCrack_4
409;Utilities.SpriteHandler_tutorial_bossDoor
410;Utilities.SpriteHandler_generalRoom_sideMosaic
411;Utilities.SpriteHandler_battleScreenMenus_fillBar_energyCap
412;Utilities.SpriteHandler_menus_savingPopup
413;Utilities.SpriteHandler_electricRoom_floorTile_blackAndWhite
414;Utilities.SpriteHandler_generalRoom_eggeryDoor_locked_sixKeys
415;Utilities.SpriteHandler_moveIcon_waterJet
416;Utilities.SpriteHandler_fireRoom_lavaPitSmall
417;Utilities.SpriteHandler_moveIcon_earthBarrier
32;Utilities.SoundController_undeadTrack
418;Utilities.SpriteHandler_room_generalTeleporter_glow
46;Utilities.SoundController_battle_demonicGrowl
419;Utilities.SpriteHandler_moveIcon_demonicStrike
420;Utilities.SpriteHandler_generalRoom_detailTapestry_demonic
421;Utilities.SpriteHandler_generalRoom_healStone
422;Utilities.SpriteHandler_menus_youMenu_starUpgradeButtonXP
424;Utilities.SpriteHandler_moveIcon_efficiency
423;Utilities.SpriteHandler_plantRoom_bridgeTrees_bottomLeft
425;Utilities.SpriteHandler_menus_minionType_water
426;Utilities.SpriteHandler_generalRoom_grandWizard
428;Utilities.SpriteHandler_generalRoom_tableSkeleton
427;Utilities.SpriteHandler_tutorial_bigHealthBar
430;Utilities.SpriteHandler_moveIcon_earthShield
429;Utilities.SpriteHandler_mv_staticBolt
431;Utilities.SpriteHandler_generalRoom_candelabra
432;Utilities.SpriteHandler_mainCharacter_female_side_still
433;Utilities.SpriteHandler_mv_hailstone
434;Utilities.SpriteHandler_mv_purpleCrystal
435;Utilities.SpriteHandler_menus_minionType_earth
436;Utilities.SpriteHandler_roomSelect_towerCovered
437;Utilities.SpriteHandler_menus_youMenu_starUpgradeButtonAttack
439;Utilities.SpriteHandler_menus_minionStorage_swapButtonOff
438;Utilities.LevelContainer_Level_1_1_courtyard
262;Utilities.SpriteHandler_tutorial_focusTarget
440;Utilities.SpriteHandler_moveIcon_hurricane
441;Utilities.SpriteHandler_outOfEnergyTip
442;Utilities.SpriteHandler_moveIcon_holyLight
443;Utilities.SpriteHandler_moveIcon_madness
444;Utilities.SpriteHandler_gemTier6_mask
446;Utilities.SpriteHandler_moveIcon_blowBy
445;Utilities.SpriteHandler_moveIcon_deathlyEnergy
447;Utilities.SpriteHandler_mainMenu_characterCreation_maleIcon_fullSized
448;Utilities.SpriteHandler_mv_brokenBone
449;Utilities.SpriteHandler_menus_youMenu_yourInformationBackground
450;Utilities.SpriteHandler_plantRoom_topWall
451;Utilities.SpriteHandler_menus_statsBars_cap_speed
452;Utilities.SpriteHandler_generalRoom_rocks2
453;Utilities.SpriteHandler_generalRoom_rocks1
454;Utilities.SpriteHandler_mainCharacter_male_front_1
455;Utilities.SpriteHandler_mainCharacter_male_front_2
456;Utilities.SpriteHandler_mv_bloodPress
459;Utilities.SpriteHandler_mainCharacter_male_front_5
458;Utilities.SpriteHandler_mv_spider
457;Utilities.LevelContainer_Level_3_3_A
462;Utilities.SpriteHandler_mainCharacter_male_front_6
461;Utilities.SpriteHandler_roomSelect_femaleIcon
460;Utilities.LevelContainer_Level_3_3_B
464;Utilities.SpriteHandler_mainCharacter_male_front_3
463;Utilities.LevelContainer_Level_3_3_C
466;Utilities.SpriteHandler_mainCharacter_male_front_4
465;Utilities.LevelContainer_Level_3_3_D
468;Utilities.SpriteHandler_mainCharacter_male_front_9
467;Utilities.LevelContainer_Level_3_3_E
469;Utilities.LevelContainer_Level_3_3_F
470;Utilities.SpriteHandler_mainCharacter_male_front_7
471;Utilities.SpriteHandler_mainCharacter_male_front_8
472;Utilities.SpriteHandler_moveIcon_mysticIce
473;Utilities.SpriteHandler_mainCharacter_male_front_still
93;Utilities.SoundController_doorEntryHum_fadeout
474;Utilities.SpriteHandler_menus_topDownMenuPopUp_background
475;Utilities.SpriteHandler_moveDescription_type_energy
476;Utilities.LevelContainer_Level_2_gym
477;Utilities.SpriteHandler_moveIcon_kindle
479;Utilities.SpriteHandler_battleScreenBackground_smallIsland
478;Utilities.SpriteHandler_plantRoom_oakTree
480;Utilities.SpriteHandler_moveIcon_coldfront
481;Utilities.SpriteHandler_moveIcon_windLance
482;Utilities.SpriteHandler_generalRoom_goldFloorVase
483;Utilities.SpriteHandler_mv_crown
88;Utilities.SoundController_battle_earthquake2
485;Utilities.SpriteHandler_mv_diamondRocks
484;Utilities.SpriteHandler_bonusItems_sponsorPatch
486;Utilities.SpriteHandler_titleScreen_plantWizardSageStone
487;Utilities.SpriteHandler_moveIcon_serenity
488;Utilities.SpriteHandler_plantRoom_path_lowerLeft
489;Utilities.SpriteHandler_plantRoom_lowerLeftCorner
490;Utilities.SpriteHandler_hud_inGame_key
491;Utilities.SpriteHandler_menus_minionXP_background
492;Utilities.SpriteHandler_undeadRoom_headstones3
493;Utilities.SpriteHandler_moveIcon_titanSlam
494;Utilities.SpriteHandler_undeadRoom_headstones2
495;Utilities.SpriteHandler_undeadRoom_headstones1
496;Utilities.SpriteHandler_plantRoom_outdoorEnemy_front
497;Utilities.SpriteHandler_moveIcon_inflame
499;Utilities.SpriteHandler_holyBlueBell
498;Utilities.SpriteHandler_mv_beak
501;Utilities.SpriteHandler_mainMenu_saveSlotBackground
500;Utilities.SpriteHandler_undeadRoom_path2
502;Utilities.SpriteHandler_mv_whirlwind
503;Utilities.SpriteHandler_undeadRoom_path1
505;Utilities.LevelContainer_Level_5_1_D
504;Utilities.SpriteHandler_fireRoom_sideDoor
507;Utilities.LevelContainer_Level_5_1_C
506;Utilities.SpriteHandler_generalRoom_titanStatue
508;Utilities.LevelContainer_Level_5_1_B
510;Utilities.LevelContainer_Level_5_1_A
509;Utilities.SpriteHandler_roomSelect_hardModeButton_off
511;Utilities.SpriteHandler_mv_clawNoFur
512;Utilities.LevelContainer_Level_5_1_F
513;Utilities.LevelContainer_Level_5_1_E
514;Utilities.SpriteHandler_gemTier11_mask
515;Utilities.SpriteHandler_moveIcon_hulkInspiration
516;Utilities.SpriteHandler_electricRoom_frontTable_left
517;Utilities.LevelContainer_Level_2_3_A
518;Utilities.SpriteHandler_moveIcon_innerForce
519;Utilities.SpriteHandler_moveIcon_tire
520;Utilities.SpriteHandler_moveIcon_agility
521;Utilities.SpriteHandler_undeadRoom_topDoor
522;Utilities.LevelContainer_Level_3_gym
524;Utilities.SpriteHandler_battleScreenVictoryStar
523;Utilities.SpriteHandler_mainMenu_characterCreation_maleFemaleSelectedIcon
525;Utilities.LevelContainer_Level_2_3_E
527;Utilities.LevelContainer_Level_2_3_D
526;Utilities.SpriteHandler_menu_muteMusicButton_on
530;Utilities.LevelContainer_Level_2_3_C
529;Utilities.SpriteHandler_roomSelect_roomInformationStars
528;Utilities.SpriteHandler_hud_sealPiecesBackground
531;Utilities.LevelContainer_Level_2_3_B
50;Utilities.SoundController_menu_buyingItem
532;Utilities.SpriteHandler_moveIcon_alloyCoat
533;Utilities.SpriteHandler_miniMap_hallway_floor13_1
534;Utilities.SpriteHandler_battleScreenIntro_teleportPiece3
535;Utilities.SpriteHandler_battleScreenIntro_teleportPiece2
536;Utilities.SpriteHandler_battleScreenIntro_teleportPiece5
537;Utilities.SpriteHandler_battleScreenIntro_teleportPiece4
538;Utilities.SpriteHandler_battleScreenIntro_teleportPiece1
539;Utilities.SpriteHandler_electricRoom_conveyorBelt
541;Utilities.SpriteHandler_moveDescription_type_normal
540;Utilities.SpriteHandler_generalRoom_gemSalesman
542;Utilities.SpriteHandler_battleScreenIntro_teleportPiece7
543;Utilities.SpriteHandler_battleScreenIntro_teleportPiece6
544;Utilities.SpriteHandler_generalRoom_detailTapestry_dino
94;Utilities.SoundController_battle_hit_thump_normal
545;Utilities.SpriteHandler_sageSeal_5_1
546;Utilities.SpriteHandler_miniMap_hallway_floor13_2
547;Utilities.SpriteHandler_miniMap_hallway_floor13_3
548;Utilities.SpriteHandler_sageSeal_5_3
549;Utilities.SpriteHandler_sageSeal_5_2
550;Utilities.SpriteHandler_sageSeal_5_4
551;Utilities.SpriteHandler_mv_fireRam
552;Utilities.SpriteHandler_mv_frozenSkull
553;Utilities.SpriteHandler_undeadRoom_lowerLeftCorner
554;Utilities.SpriteHandler_gemCornerBlue
555;Utilities.SpriteHandler_battleScreenBackground_city
556;Utilities.SpriteHandler_normalSlime3
557;Utilities.SpriteHandler_mv_bullet
558;Utilities.SpriteHandler_moveIcon_prehistoricBite
559;Utilities.SpriteHandler_topDown_giftButton
560;Utilities.SpriteHandler_fireRoom_groundCover
561;Utilities.SpriteHandler_holyFox
563;Utilities.SpriteHandler_generalRoom_specialDoor_open
562;Utilities.SpriteHandler_normalSlime2
566;Utilities.SpriteHandler_moveIcon_stun
565;Utilities.SpriteHandler_menus_statsBars_full_health
564;Utilities.SpriteHandler_normalSlime1
567;Utilities.SpriteHandler_fireRoom_upperLeftCorner
568;Utilities.SpriteHandler_generalRoom_electricMedallionStatue
42;Utilities.SoundController_battle_hit_thump_bounce
570;Utilities.SpriteHandler_moveIcon_warmth
569;Utilities.SpriteHandler_plantRoom_sideDoor
571;Utilities.SpriteHandler_mv_windBlade
572;Utilities.SpriteHandler_plantRoom_forestEnemy_front
573;Utilities.SpriteHandler_buttonZoneObject
574;Utilities.SpriteHandler_gemTier8_shape
575;Utilities.SpriteHandler_menus_gemMenuBackground
577;Utilities.SpriteHandler_moveIcon_deadTransfer
576;Utilities.SpriteHandler_plantRoom_bridgeBase
578;Utilities.SpriteHandler_menus_minionStorage_boxSelectedIcon
579;Utilities.SpriteHandler_mainMenu_playButton
580;Utilities.SpriteHandler_mv_crazed
581;Utilities.SpriteHandler_battleScreenMenus_moveNameSingle_centerBubble
582;Utilities.SpriteHandler_electricRoom_acidPuddle
583;Utilities.SpriteHandler_menus_skillTree_simpleButton
584;Utilities.SpriteHandler_tutorial_okButton
30;Utilities.SoundController_battle_gunFire
585;Utilities.SpriteHandler_eggery_fireplaceFire7
586;Utilities.SpriteHandler_eggery_fireplaceFire6
587;Utilities.SpriteHandler_eggery_fireplaceFire5
588;Utilities.SpriteHandler_mv_bloodSymbol
589;Utilities.SpriteHandler_moveIcon_chosenEarth
590;Utilities.SpriteHandler_eggery_fireplaceFire4
591;Utilities.SpriteHandler_eggery_fireplaceFire3
592;Utilities.SpriteHandler_eggery_fireplaceFire2
593;Utilities.SpriteHandler_eggery_fireplaceFire1
594;Utilities.SpriteHandler_tutorial_pressSpacekey_down
595;Utilities.SpriteHandler_generalRoom_genericTapestrySide_fire
596;Utilities.SpriteHandler_moveIcon_bloodFusion
598;Utilities.SpriteHandler_menus_skillTree_advancedButton
597;Utilities.LevelContainer_Level_6_3_H1
599;Utilities.LevelContainer_Level_6_3_H2
600;Utilities.LevelContainer_Level_6_3_H3
601;Utilities.LevelContainer_Level_6_3_H4
602;Utilities.LevelContainer_Level_6_3_H5
71;Utilities.SoundController_battle_whoosh_wind
603;Utilities.SpriteHandler_plantRoom_river_splash
604;Utilities.SpriteHandler_generalRoom_sideWall
605;Utilities.SpriteHandler_miniMap_hallway_floor4_2
606;Utilities.SpriteHandler_miniMap_hallway_floor4_3
607;Utilities.SpriteHandler_fireRoom_groundTile_magma
608;Utilities.SpriteHandler_mv_brokenShield
610;Utilities.SpriteHandler_mv_motionArcsBlue
609;Utilities.SpriteHandler_moveIcon_needleBarrage
611;Utilities.SpriteHandler_menus_minionStorage_closeParty
612;Utilities.SpriteHandler_miniMap_hallway_floor4_1
613;Utilities.SpriteHandler_mv_rockBlast
615;Utilities.SpriteHandler_moveIcon_timber
614;Utilities.SpriteHandler_moveIcon_titanSlash
616;Utilities.SpriteHandler_moveIcon_earthyFortitude
617;Utilities.SpriteHandler_moveIcon_dominate
619;Utilities.SpriteHandler_mv_blueHands
618;Utilities.SpriteHandler_mainMenu_characterCreation_okButton
620;Utilities.SpriteHandler_electricRoom_cyborgEnemy_front
621;Utilities.LevelContainer_Level_5_1_H2
623;Utilities.SpriteHandler_generalRoom_gemCombiner
622;Utilities.LevelContainer_Level_5_1_H1
624;Utilities.SpriteHandler_battleScreenSelectedIndicator
625;Utilities.SpriteHandler_fireRoom_tiki2
626;Utilities.SpriteHandler_fireRoom_tiki1
627;Utilities.LevelContainer_Level_5_1_H4
628;Utilities.LevelContainer_Level_5_1_H3
629;Utilities.LevelContainer_Level_3_1_H3
630;Utilities.LevelContainer_Level_3_1_H4
632;Utilities.LevelContainer_Level_3_1_H1
631;Utilities.LevelContainer_Level_1_1_EntryHallway
634;Utilities.SpriteHandler_mv_alloyBall
633;Utilities.LevelContainer_Level_3_1_H2
635;Utilities.SpriteHandler_moveIcon_hope
636;Utilities.SpriteHandler_mv_handsShake
637;Utilities.SpriteHandler_electricRoom_frontTable_right
638;Utilities.SpriteHandler_menus_settings_offButton
639;Utilities.SpriteHandler_generalRoom_fireMedallionStatue
640;Utilities.SpriteHandler_moveIcon_crazed
641;Utilities.SpriteHandler_mv_raindropHealSymbol
92;Utilities.SoundController_battle_metalImpact2
642;Utilities.SpriteHandler_generalRoom_bottomTorch_electric
643;Utilities.SpriteHandler_generalRoom_undeadWizard
644;Utilities.LevelContainer_Level_3_3_H3
645;Utilities.LevelContainer_Level_3_3_H4
646;Utilities.LevelContainer_Level_3_3_H1
647;Utilities.LevelContainer_Level_3_3_H2
648;Utilities.SpriteHandler_visualMove_frozen
649;Utilities.SpriteHandler_moveIcon_nourish
78;Utilities.SoundController_battle_hit_slap_quick
651;Utilities.SpriteHandler_menus_minionInfo_background
650;Utilities.SpriteHandler_plantRoom_waterEnemy_side
652;Utilities.SpriteHandler_mainCharacter_female_side_3
653;Utilities.SpriteHandler_mainCharacter_female_side_2
654;Utilities.SpriteHandler_mainCharacter_female_side_5
655;Utilities.SpriteHandler_mainCharacter_female_side_4
656;Utilities.SpriteHandler_mainCharacter_female_side_7
657;Utilities.SpriteHandler_mainCharacter_female_side_6
658;Utilities.SpriteHandler_mainCharacter_female_side_9
659;Utilities.SpriteHandler_mainCharacter_female_side_8
660;Utilities.SpriteHandler_generalRoom_statuePedestal
661;Utilities.SpriteHandler_menus_youMenu_starUpgradeButtonHealth
662;Utilities.SpriteHandler_tutorial_turnSquare1
663;Utilities.SpriteHandler_tutorial_turnSquare2
664;Utilities.SpriteHandler_tutorial_turnSquare3
665;Utilities.SpriteHandler_tutorial_turnSquare4
666;Utilities.SpriteHandler_menus_exitButton
667;Utilities.SpriteHandler_room_gemChest
668;Utilities.SpriteHandler_visualMove_statDecrease
669;Utilities.SpriteHandler_mainCharacter_female_side_1
670;Utilities.SpriteHandler_generalRoom_wideRedRunner_mid2
671;Utilities.SpriteHandler_generalRoom_wideRedRunner_mid1
672;Utilities.SpriteHandler_menus_youMenu_starUpgradeButtonEnergy
673;Utilities.SpriteHandler_generalRoom_tableVase
674;Utilities.SpriteHandler_minionPedia_minionBackground
675;Utilities.SpriteHandler_mv_eyeball
676;Utilities.SpriteHandler_topDown_pictureNotTellingButton
677;Utilities.LevelContainer_Level_4_1_F
678;Utilities.LevelContainer_Level_4_1_D
680;Utilities.SpriteHandler_mainCharacter_male_back_still
679;Utilities.LevelContainer_Level_4_1_E
681;Utilities.LevelContainer_Level_4_1_B
682;Utilities.LevelContainer_Level_4_1_C
683;Utilities.LevelContainer_Level_4_1_A
684;Utilities.SpriteHandler_plantRoom_bridgeTrees_topRight
685;Utilities.SpriteHandler_gemTier3_mask
686;Utilities.SpriteHandler_generalRoom_topPillar
687;Utilities.SpriteHandler_menus_minionStorage_boxSelectBar
688;Utilities.SpriteHandler_generalRoom_sideTorch_undead
689;Utilities.SpriteHandler_menus_speechBubble_arrow
691;Utilities.SpriteHandler_menus_topDownMenuPopUp_resume
690;Utilities.SpriteHandler_generalRoom_bottomWall_crack
692;Utilities.SpriteHandler_moveIcon_cuttingWind
694;Utilities.SpriteHandler_mainMenu_creditsButton
693;Utilities.SpriteHandler_menus_minionStorage_partyBackground
696;Utilities.SpriteHandler_moveIcon_fireBolt
695;Utilities.SpriteHandler_tutorial_yourMinionArrow
697;Utilities.SpriteHandler_mainMenu_titleScreen_doorRight_glow
698;Utilities.SpriteHandler_moveIcon_cleric
699;Utilities.SpriteHandler_waterDog2
700;Utilities.SpriteHandler_waterDog1
702;Utilities.SpriteHandler_generalRoom_bottomDoor
701;Utilities.SpriteHandler_mainMenu_titleScreen_doorCracksGlow
703;Utilities.SpriteHandler_mv_metalPlate
704;Utilities.SpriteHandler_moveIcon_crusade
705;Utilities.SpriteHandler_menus_gemPremiumButton
707;Utilities.SpriteHandler_generalRoom_green_floorRunner_rotationConnect
706;Utilities.SpriteHandler_conformationBox_noButton
708;Utilities.SpriteHandler_mainCharacter_female_back_10
709;Utilities.SpriteHandler_hud_inGame_sageSeal_6
490;Utilities.SpriteHandler_hud_inGame_sageSeal_7
710;Utilities.SpriteHandler_hud_inGame_sageSeal_4
711;Utilities.SpriteHandler_hud_inGame_sageSeal_5
712;Utilities.LevelContainer_Level_4_1_H1
713;Utilities.LevelContainer_Level_6_2_A
714;Utilities.LevelContainer_Level_6_2_B
716;Utilities.LevelContainer_Level_4_1_H5
715;Utilities.LevelContainer_Level_6_2_C
719;Utilities.LevelContainer_Level_4_1_H4
718;Utilities.LevelContainer_Level_6_2_D
717;Utilities.SpriteHandler_moveIcon_burn
722;Utilities.LevelContainer_Level_4_1_H3
721;Utilities.LevelContainer_Level_6_2_E
720;Utilities.SpriteHandler_mv_arcFlame
724;Utilities.LevelContainer_Level_4_1_H2
723;Utilities.LevelContainer_Level_6_2_F
725;Utilities.SpriteHandler_undeadRoom_costumeEnemy_front
726;Utilities.SpriteHandler_moveIcon_vicious
727;Utilities.SpriteHandler_moveIcon_skinTrap
728;Utilities.SpriteHandler_mv_grossMouth
729;Utilities.LevelContainer_Level_6_3_Eggery
730;Utilities.SpriteHandler_moveIcon_chargeBlast
731;Utilities.SpriteHandler_moveIcon_rockSlide
732;Utilities.SpriteHandler_generalRoom_plantGymEnemy
733;Utilities.SpriteHandler_mv_dryIce
734;Utilities.SpriteHandler_generalRoom_undeadGymStatue
735;Utilities.SpriteHandler_hud_inGame_sageSeal_1
736;Utilities.SpriteHandler_hud_inGame_sageSeal_3
737;Utilities.SpriteHandler_hud_inGame_sageSeal_2
69;Utilities.SoundController_battle_rayGun
738;Utilities.SpriteHandler_plantRoom_bridgeTrees_topLeft
739;Utilities.SpriteHandler_visualMove_stunned
741;Utilities.SpriteHandler_moveIcon_razorVine
740;Utilities.SpriteHandler_moveIcon_deathCall
742;Utilities.SpriteHandler_menus_minionInfo_energyBar_cap
743;Utilities.SpriteHandler_mv_radianceArcs
744;Utilities.SpriteHandler_menus_maleBust_icon
745;Utilities.SpriteHandler_roomSelect_plantRoom
746;Utilities.SpriteHandler_mainCharacter_male_back_2
747;Utilities.SpriteHandler_mainCharacter_male_back_1
748;Utilities.LevelContainer_Level_2_4_H3
749;Utilities.LevelContainer_Level_2_4_H1
750;Utilities.LevelContainer_Level_2_4_H2
751;Utilities.SpriteHandler_mainMenu_credits_background
752;Utilities.SpriteHandler_plantRoom_topDoor
753;Utilities.SpriteHandler_battleScreenMenus_fillBar_healthCap
754;Utilities.SpriteHandler_eggery_fireplace
757;Utilities.SpriteHandler_mv_pinkHands
756;Utilities.SpriteHandler_moveDescription_type_flying
755;Utilities.SpriteHandler_mv_roughFist
758;Utilities.SpriteHandler_electricRoom_floorTile_pipes
759;Utilities.SpriteHandler_mv_greenHealHand
760;Utilities.SpriteHandler_mainCharacter_male_back_9
762;Utilities.SpriteHandler_titleScreen_fireSageStone
761;Utilities.SpriteHandler_mainCharacter_male_back_7
764;Utilities.SpriteHandler_roomSelect_background_stars
763;Utilities.SpriteHandler_mainCharacter_male_back_8
766;Utilities.SpriteHandler_mainCharacter_male_back_5
765;Utilities.SpriteHandler_mv_ghostFist
767;Utilities.SpriteHandler_mainCharacter_male_back_6
768;Utilities.SpriteHandler_mainCharacter_male_back_3
769;Utilities.SpriteHandler_mainCharacter_male_back_4
770;Utilities.SpriteHandler_generalRoom_largeMosaic
771;Utilities.SpriteHandler_mainMenu_titleScreen_doorLeft_glow
772;Utilities.LevelContainer_Level_4_gym
774;Utilities.SpriteHandler_moveIcon_avalanche
773;Utilities.SpriteHandler_generalRoom_upperRightCorner
775;Utilities.SpriteHandler_mv_skeletonGhost
27;Utilities.SoundController_tower_openingChest
776;Utilities.SpriteHandler_battleScreenMenus_movesModuleBackground
21;Utilities.SoundController_forestTrack
777;Utilities.SpriteHandler_roomSelect_tempCharIcon
778;Utilities.SpriteHandler_undeadRoom_grassPatch3
779;Utilities.SpriteHandler_undeadRoom_grassPatch4
780;Utilities.SpriteHandler_mv_spikeCluster
75;Utilities.SoundController_battle_ghostWispher2
782;Utilities.SpriteHandler_sageSeal_1_3
781;Utilities.SpriteHandler_undeadScarecrow2
784;Utilities.SpriteHandler_sageSeal_1_2
783;Utilities.SpriteHandler_undeadScarecrow3
785;Utilities.SpriteHandler_undeadRoom_grassPatch1
787;Utilities.SpriteHandler_undeadRoom_grassPatch2
786;Utilities.SpriteHandler_undeadScarecrow1
788;Utilities.SpriteHandler_sageSeal_1_1
89;Utilities.SoundController_battle_magic1
789;Utilities.SpriteHandler_moveDescription_type_dino
790;Utilities.LevelContainer_Level_1_3_A
791;Utilities.LevelContainer_Level_1_3_B
792;Utilities.SpriteHandler_fireRoom_voodooEnemy_front
793;Utilities.LevelContainer_Level_1_3_E
794;Utilities.LevelContainer_Level_1_3_D
797;Utilities.LevelContainer_Level_1_3_C
796;Utilities.SpriteHandler_moveIcon_rainfall
795;Utilities.SpriteHandler_moveIcon_righteousZeal
798;Utilities.SpriteHandler_moveIcon_cogFallout
800;Utilities.SpriteHandler_electricRoom_sideTable_center
799;Utilities.SpriteHandler_menus_minionInfo_doneButton
801;Utilities.SpriteHandler_moveIcon_sear
802;Utilities.SpriteHandler_menus_backgroundMedium
803;Utilities.SpriteHandler_fireRoom_flowers
804;Utilities.SpriteHandler_robotAnteater1
805;Utilities.SpriteHandler_roomSelect_returnButton
807;Utilities.SpriteHandler_mv_blueHorizontalBolt
806;Utilities.SpriteHandler_mv_spiderweb
808;Utilities.SpriteHandler_electricRoom_femaleEnemy_front
809;Utilities.SpriteHandler_menus_topDownMenuPopUp_settings
811;Utilities.SpriteHandler_mv_mudBlast
810;Utilities.SpriteHandler_mainMenu_titleScreen_doorLeft
812;Utilities.SpriteHandler_undeadRoom_sideWall
813;Utilities.SpriteHandler_moveIcon_grind
815;Utilities.SpriteHandler_mainCharacter_male_back_10
814;Utilities.SpriteHandler_undeadEel
816;Utilities.SpriteHandler_normalArmadillo1
818;Utilities.SpriteHandler_plantRoom_waterEnemy_front
817;Utilities.SpriteHandler_mv_shield
819;Utilities.SpriteHandler_tutorial_firstGemTutorial
820;Utilities.SpriteHandler_miniMap_hallway_floor8_2
821;Utilities.SpriteHandler_generalRoom_gymDoor
822;Utilities.SpriteHandler_miniMap_hallway_floor8_1
823;Utilities.LevelContainer_Level_6_1_H2
825;Utilities.SpriteHandler_generalRoom_plantWizard
824;Utilities.LevelContainer_Level_6_1_H3
826;Utilities.LevelContainer_Level_6_1_H1
828;Utilities.SpriteHandler_sageSeal_6_3
827;Utilities.LevelContainer_Level_6_1_H6
829;Utilities.SpriteHandler_sageSeal_6_4
832;Utilities.SpriteHandler_tutorial_yourMinionHealth
831;Utilities.SpriteHandler_sageSeal_6_1
830;Utilities.LevelContainer_Level_6_1_H4
835;Utilities.SpriteHandler_topDown_rescueButton
834;Utilities.SpriteHandler_sageSeal_6_2
833;Utilities.LevelContainer_Level_6_1_H5
836;Utilities.SpriteHandler_generalRoom_lowerLeftCorner
49;Utilities.SoundController_battle_charging
838;Utilities.SpriteHandler_mainMenu_saveSlot_deleteButton
837;Utilities.SpriteHandler_menus_minionStorage_releaseButton
840;Utilities.SpriteHandler_electricRoom_bookshelf_books
839;Utilities.SpriteHandler_generalRoom_bottomPillar
841;Utilities.SponsorIntroScreen_intro
842;Utilities.SpriteHandler_moveIcon_crazedBlast
843;Utilities.SpriteHandler_generalRoom_bottomTorch6
844;Utilities.SpriteHandler_generalRoom_bottomTorch5
846;Utilities.SpriteHandler_generalRoom_bottomTorch4
845;Utilities.LevelContainer_Level_3_4_Eggery
848;Utilities.SpriteHandler_generalRoom_bottomTorch3
847;Utilities.SpriteHandler_robotShark
849;Utilities.SpriteHandler_generalRoom_bottomTorch2
850;Utilities.SpriteHandler_generalRoom_bottomTorch1
851;Utilities.SpriteHandler_mainMenu_hostGamesLogo
853;Utilities.SpriteHandler_menus_skillTree_resetButton
852;Utilities.SpriteHandler_menus_minionType_dino
854;Utilities.SpriteHandler_titleScreen_undeadSageStone
855;Utilities.SpriteHandler_menus_detailsButton
857;Utilities.SpriteHandler_plantRoom_path1
856;Utilities.SpriteHandler_mv_healSignGreen
858;Utilities.SpriteHandler_plantRoom_path2
859;Utilities.SpriteHandler_minionPedia_OwnedIcon
860;Utilities.SpriteHandler_menus_statsBars_full_attack
861;Utilities.SpriteHandler_mv_blueLightBurst
863;Utilities.SpriteHandler_undeadRoom_lowerRightCorner
862;Utilities.SpriteHandler_generalRoom_fireGymStatue
866;Utilities.SpriteHandler_moveIcon_treeSlam
865;Utilities.SpriteHandler_menus_gemMenuGemSelected
864;Utilities.LevelContainer_Level_3_2_H1
867;Utilities.LevelContainer_Level_3_2_H4
868;Utilities.LevelContainer_Level_3_2_H3
869;Utilities.LevelContainer_Level_3_2_H2
870;Utilities.SpriteHandler_generalRoom_eggeryDoor_open
871;Utilities.SpriteHandler_mv_goldMask
872;Utilities.SpriteHandler_menus_scrollButton_up
45;Utilities.SoundController_battle_dinoRoar
873;Utilities.SpriteHandler_tutorial_chooseAnOpponetsMinion
874;Utilities.SpriteHandler_plantRoom_groundTile_dandelion
875;Utilities.SpriteHandler_plantRoom_pineTree2
876;Utilities.SpriteHandler_plantRoom_pineTree1
877;Utilities.SpriteHandler_fireRoom_path_lowerLeft
878;Utilities.SpriteHandler_miniMap_hallway_floor2
879;Utilities.SpriteHandler_miniMap_hallway_floor1
880;MainMenu.MainMenuScreen_TwitterSwf
882;Utilities.SpriteHandler_miniMap_hallway_floor9
881;Utilities.SpriteHandler_electricRoom_floorTile_pipesWithGauge
883;Utilities.SpriteHandler_miniMap_hallway_floor7
884;Utilities.SpriteHandler_miniMap_hallway_floor6
885;Utilities.SpriteHandler_miniMap_hallway_floor3
886;Utilities.SpriteHandler_plantRoom_mushrooms
887;Utilities.SpriteHandler_moveIcon_fireBash
888;Utilities.SpriteHandler_gemTier6_shape
890;Utilities.SpriteHandler_miniMap_eggeryOverlay
889;Utilities.SpriteHandler_battleScreenBackground_mountain
891;Utilities.SpriteHandler_generalRoom_electricGymStatue
892;Utilities.SpriteHandler_roomSelect_fireRares
893;Utilities.SpriteHandler_mainMenu_characterCreation_femaleIcon
894;Utilities.LevelContainer_Level_3_4_D
895;Utilities.LevelContainer_Level_3_4_E
896;Utilities.SpriteHandler_tutorial_movement_down
897;Utilities.SpriteHandler_generalRoom_genericTapestry_demon
898;Utilities.LevelContainer_Level_3_4_A
899;Utilities.LevelContainer_Level_3_4_B
900;Utilities.LevelContainer_Level_3_4_C
901;Utilities.SpriteHandler_undeadRoom_upperLeftCorner
902;Utilities.SpriteHandler_menus_minionType_demonic
903;Utilities.SpriteHandler_moveIcon_agileInspiration
904;Utilities.SpriteHandler_moveIcon_righteousFate
905;Utilities.SpriteHandler_moveDescription_type_titan
53;Utilities.SoundController_battle_fireBall
906;Utilities.SpriteHandler_undeadRoom_thornBush
907;Utilities.SpriteHandler_room_generalTeleporter
908;Utilities.SpriteHandler_generalRoom_sideWall_crack
910;Utilities.SpriteHandler_room_teleporterOff
909;Utilities.SpriteHandler_generalRoom_topTorch_plantBase
911;Utilities.SpriteHandler_menus_settings_graphicSetting_high
912;Utilities.SpriteHandler_tutorial_spaceToSkip
913;Utilities.SpriteHandler_mv_lightBeam
914;Utilities.SpriteHandler_mainMenu_characterCreation_femaleIcon_fullSized
915;Utilities.SpriteHandler_mv_lightCircle
916;Utilities.SpriteHandler_mv_tire
917;Utilities.SpriteHandler_menus_skillTree_buttonBackground
920;Utilities.LevelContainer_Level_1_3_H1
919;Utilities.SpriteHandler_bonusItems_noThanksButton
918;Utilities.SpriteHandler_moveIcon_rockSkin
921;Utilities.LevelContainer_Level_1_3_H2
922;Utilities.LevelContainer_Level_1_3_H3
923;Utilities.SpriteHandler_generalRoom_lobby_topDoor
924;Utilities.SpriteHandler_mv_sideDash
925;Utilities.SpriteHandler_mv_reaper
926;Utilities.SpriteHandler_earthTortoiseWhite
928;Utilities.SpriteHandler_undeadRoom_necromancerEnemy_front
927;Utilities.SpriteHandler_menus_gemCombiner_buySellButton
929;Utilities.SpriteHandler_generalRoom_vipSign
930;Utilities.SpriteHandler_fireRoom_lowerRightCorner
729;Utilities.LevelContainer_Level_6_1_Eggery
931;Utilities.SpriteHandler_roomTransitionObject
932;Utilities.SpriteHandler_mainMenu_titleScreen_ourLogo
933;Utilities.SpriteHandler_moveIcon_dryIce
935;Utilities.SpriteHandler_electricRoom_dissectionSet
934;Utilities.SpriteHandler_generalRoom_lowerLeft_tSection
936;Utilities.SpriteHandler_mv_yellowAndOrangeImpact
937;Utilities.SpriteHandler_fireRoom_bottomDoor
938;Utilities.SpriteHandler_generalRoom_eggeryDoor_locked
939;Utilities.SpriteHandler_waterKirin
940;Utilities.SpriteHandler_tutorial_movement
941;Utilities.SpriteHandler_mv_earthlyFortitude
942;Utilities.SpriteHandler_tutorial_backgroundSmall
943;Utilities.SpriteHandler_mv_binary
38;Utilities.SoundController_tower_teleport
944;Utilities.SpriteHandler_mv_demonicSacrifice
59;Utilities.SoundController_battle_whoosh_misslePass
945;Utilities.SpriteHandler_visualMove_reflectedDamage
946;Utilities.SpriteHandler_mv_raindrop
948;Utilities.SpriteHandler_menu_muteSoundButton_on
947;Utilities.SpriteHandler_moveIcon_tackle
949;Utilities.SpriteHandler_generalRoom_floorRunnerMid1
950;Utilities.SpriteHandler_mv_flameWithFace
952;Utilities.SpriteHandler_menus_skillTree_otherTreeIndicator
951;Utilities.SpriteHandler_generalRoom_floorRunnerMid2
953;Utilities.SpriteHandler_generalRoom_yellow_floorRunnerMid1
954;Utilities.SpriteHandler_generalRoom_yellow_floorRunnerMid2
955;Utilities.SpriteHandler_gemTier8_mask
956;Utilities.SpriteHandler_menus_youMenu_resetButton
957;Utilities.SpriteHandler_moveIcon_fleshSacrifice
958;Utilities.SpriteHandler_mainCharacter_male_front_10
960;Utilities.SpriteHandler_tutorial_superEffectiveMoves
959;Utilities.SpriteHandler_plantRoom_boulderSmall
91;Utilities.SoundController_tower_gettingMap
962;Utilities.SpriteHandler_moveIcon_purge
961;Utilities.SpriteHandler_gemTier1_shape
964;Utilities.SpriteHandler_generalRoom_upperLeft_tSection
963;Utilities.SpriteHandler_generalRoom_detailTapestry_undead
965;Utilities.SpriteHandler_menus_minionType_plant
966;Utilities.SpriteHandler_mv_titanFist
967;Utilities.SpriteHandler_plantRoom_oakTree2
968;Utilities.SpriteHandler_superEffectivePopup
970;Utilities.LevelContainer_Level_3_1_E
969;Utilities.SpriteHandler_roomSelect_roomInformationBackground
972;Utilities.LevelContainer_Level_3_1_F
971;Utilities.SpriteHandler_mv_yellowLightRays
973;Utilities.LevelContainer_Level_3_1_C
975;Utilities.LevelContainer_Level_3_1_D
974;Utilities.SpriteHandler_minionPedia_minionSelectedIcon
976;Utilities.SpriteHandler_undeadRoom_altar
977;Utilities.SpriteHandler_generalRoom_sidePillar
978;Utilities.SpriteHandler_moveIcon_swiftMend
980;Utilities.SpriteHandler_moveIcon_demoralizingCharge
979;Utilities.SpriteHandler_robotBull
982;Utilities.SpriteHandler_mv_drain
981;Utilities.SpriteHandler_fireRoom_femaleFireEnemy_front
983;Utilities.LevelContainer_Level_3_1_B
985;Utilities.LevelContainer_Level_3_1_A
984;Utilities.SpriteHandler_mv_purpleFist
986;Utilities.SpriteHandler_menus_topDownMenuPopUp_save
987;Utilities.SpriteHandler_tutorial_resetTalentPointsIcon
988;Utilities.SpriteHandler_fireRoom_bottomWall
990;Utilities.SpriteHandler_menus_statsBars_cap_armor
989;Utilities.SpriteHandler_moveIcon_volley
991;Utilities.SpriteHandler_moveIcon_concentration
992;Utilities.SpriteHandler_roomSelect_background_frontMountains
993;Utilities.SpriteHandler_plantRoom_river_sparkle2
994;Utilities.SpriteHandler_menu_muteSoundButton_off
995;Utilities.SpriteHandler_plantRoom_river_sparkle1
997;Utilities.SpriteHandler_iceStag
996;Utilities.SpriteHandler_generalRoom_specialDoor_locked
998;Utilities.SpriteHandler_menus_minionStorage_minionsBackground
999;Utilities.SpriteHandler_menus_topDownMenuPopUp_mainMenu
1000;Utilities.SpriteHandler_battleScreenCurrMinionsTurn
1001;Utilities.LevelContainer_Level_4_3_Eggery
1002;Utilities.SpriteHandler_holyMantis
1003;Utilities.SpriteHandler_mv_plank
1004;Utilities.SpriteHandler_moveIcon_energizingInspiration
1005;Utilities.SpriteHandler_flyingOwl1
1006;Utilities.SpriteHandler_flyingOwl2
62;Utilities.SoundController_battle_whoosh_sword_swipe
1007;Utilities.SpriteHandler_battleScreenVictoryBackground
1008;Utilities.SpriteHandler_generalRoom_green_floorRunnerTop
1010;Utilities.SpriteHandler_gemTier10_mask
1009;Utilities.SpriteHandler_moveIcon_solder
1011;Utilities.SpriteHandler_moveIcon_earthquake
1012;Utilities.SpriteHandler_electricRoom_wallCables_side
1013;Utilities.LevelContainer_Level_7_gym
1014;Utilities.SpriteHandler_moveIcon_fortitude
1015;Utilities.SpriteHandler_mv_blueMysticalFlame
1016;Utilities.SpriteHandler_tutorial_yourThierMinionBackground
1018;Utilities.SpriteHandler_moveIcon_iceEnclosure
1017;Utilities.SpriteHandler_battleScreenMenus_turnIndicator_enemy
79;Utilities.SoundController_battle_hit_splat
1019;Utilities.SpriteHandler_generalRoom_electricGymEnemy
1020;Utilities.SpriteHandler_generalRoom_floorRunnerTop
1021;Utilities.SpriteHandler_mv_titanHeal
1022;Utilities.SpriteHandler_moveIcon_iceShield
54;Utilities.SoundController_tower_eggsGoingIntoTheGround
1023;Utilities.SpriteHandler_unknownMinion
1024;Utilities.SpriteHandler_fireRoom_lavaPit1
1025;Utilities.SpriteHandler_fireRoom_lavaPit2
1026;Utilities.LevelContainer_Level_4_4_Eggery
1028;Utilities.SpriteHandler_mv_fireStrip
1027;Utilities.LevelContainer_Level_5_4_E
1029;Utilities.LevelContainer_Level_5_4_D
1032;Utilities.SpriteHandler_fireMage
1031;Utilities.LevelContainer_Level_6_4_Eggery
1030;Utilities.LevelContainer_Level_5_4_C
1033;Utilities.LevelContainer_Level_5_4_B
1037;Utilities.SpriteHandler_generalRoom_silverFloorVase
1036;Utilities.SpriteHandler_battleScreenMenus_fillBar_shieldFill
1035;Utilities.SpriteHandler_undeadRoom_willow
1034;Utilities.LevelContainer_Level_5_4_A
1038;Utilities.LevelContainer_Level_2_2_B
1039;Utilities.LevelContainer_Level_2_2_A
1040;Utilities.SpriteHandler_hud_starsAndKeysBackground
1041;Utilities.SpriteHandler_moveDescription_type_plant
1042;Utilities.LevelContainer_Level_2_2_C
1043;Utilities.LevelContainer_Level_2_2_D
1045;Utilities.SpriteHandler_plantRoom_forestEnemy_side
1044;Utilities.LevelContainer_Level_2_2_E
1046;Utilities.LevelContainer_Level_4_2_Eggery
1047;Utilities.SpriteHandler_undeadRoom_necromancerEnemy_side
65;Utilities.SoundController_battle_earthquake
1048;Utilities.SpriteHandler_generalRoom_detailTapestry_electric
76;Utilities.SoundController_riverTrack
1049;Utilities.SpriteHandler_dinoRex1
1050;Utilities.SpriteHandler_dinoRex2
1051;Utilities.SpriteHandler_dinoRex3
1052;Utilities.SpriteHandler_roomSelect_hardModeTab
1053;Utilities.SpriteHandler_moveIcon_quickness
1054;Utilities.SpriteHandler_moveIcon_flareUp
1056;Utilities.SpriteHandler_moveIcon_evilEye
1055;Utilities.SpriteHandler_roomSelect_undeadRares
1057;Utilities.SpriteHandler_menus_sponsorMoreGames_button
1059;Utilities.SpriteHandler_plantViper2
1058;Utilities.SpriteHandler_battleScreenMenus_levelUp_popUp
1060;Utilities.SpriteHandler_plantViper1
1061;Utilities.SpriteHandler_plantViper3
1062;Utilities.SpriteHandler_moveDescription_type_demonic
1063;Utilities.SpriteHandler_moveIcon_deadlyInspiration
1064;Utilities.SpriteHandler_generalRoom_detailTapestry_plant
1065;Utilities.SpriteHandler_mv_waterJet
1066;Utilities.SpriteHandler_plantRoom_boulder
1067;Utilities.SpriteHandler_minionPedia_doubleUpArrow
1068;Utilities.SpriteHandler_earthMole1
1069;Utilities.SpriteHandler_earthMole2
1071;Utilities.SpriteHandler_plantRoom_flowers1
1070;Utilities.SpriteHandler_generalRoom_sideDoor
1072;Utilities.SpriteHandler_plantRoom_flowers2
29;Utilities.SoundController_battle_debuff
1074;Utilities.SpriteHandler_earthMole3
1073;Utilities.SpriteHandler_plantRoom_flowers3
74;Utilities.SoundController_battle_flamethrower
1075;Utilities.SpriteHandler_electricRoom_femaleEnemy_side
95;Utilities.SoundController_battle_whoosh_falling_deepSound
1076;Utilities.SpriteHandler_conformationBox_background
1078;Utilities.SpriteHandler_generalRoom_entryDoor
1077;Utilities.SpriteHandler_gemTier4_shape
1080;Utilities.SpriteHandler_moveIcon_diamondInspiration
1079;Utilities.SpriteHandler_moveIcon_soak
1081;Utilities.SpriteHandler_battleScreenBackground_lanternGlow
1082;Utilities.SpriteHandler_electricRoom_floorTile_metalLitter
1083;Utilities.SpriteHandler_roomSelect_normalModeButton_off
1084;Utilities.SpriteHandler_menus_statsBars_cap_health
1085;Utilities.SpriteHandler_mv_spores
1086;Utilities.SpriteHandler_moveIcon_download
1087;Utilities.SpriteHandler_menus_compare_arrow
1089;Utilities.SpriteHandler_generalRoom_yellow_floorRunner_rotationConnect
1088;Utilities.SpriteHandler_menus_backgroundSmall
1090;Utilities.SpriteHandler_undeadRoom_groundTile_debris
262;Utilities.SpriteHandler_miniMapTest
1092;Utilities.LevelContainer_Level_3_4_H4
1091;Utilities.SpriteHandler_moveIcon_refreshingWave
1093;Utilities.LevelContainer_Level_3_4_H5
1094;Utilities.LevelContainer_Level_3_4_H1
1095;Utilities.LevelContainer_Level_3_4_H2
1096;Utilities.LevelContainer_Level_3_4_H3
1097;Utilities.SpriteHandler_menus_minionType_energy
1098;Utilities.SpriteHandler_electricRoom_frontTable_center
1100;Utilities.LevelContainer_Level_6_gym
1099;Utilities.SpriteHandler_battleScreenMenus_evolution_closeButton
1103;Utilities.SpriteHandler_mv_holyHand
1102;Utilities.SpriteHandler_electricRoom_sideTable_bottom
1101;Utilities.SpriteHandler_moveIcon_recklessGrasp
1104;Utilities.SpriteHandler_menus_minionInfo_renameButton
1105;Utilities.SpriteHandler_electricRoom_occupiedVat
1106;Utilities.SpriteHandler_flyingHarpy
1107;Utilities.SpriteHandler_tutorial_bigEnergyBar
1108;Utilities.LevelContainer_Level_4_2_H3
1110;Utilities.SpriteHandler_generalRoom_healAnimation_crosses
1109;Utilities.SpriteHandler_eggery_haySmall
1111;Utilities.SpriteHandler_generalRoom_topWall
1112;Utilities.LevelContainer_Level_4_2_H1
1113;Utilities.LevelContainer_Level_4_2_H2
1114;Utilities.SpriteHandler_moveIcon_stonequake
1115;Utilities.SpriteHandler_moveIcon_blindingJolt
1116;Utilities.SpriteHandler_moveIcon_focus
1117;Utilities.SpriteHandler_normalTiger2
1118;Utilities.SpriteHandler_mv_cog
80;Utilities.SoundController_battle_freezeExplosion
25;Utilities.SoundController_tower_moneyPickup
1119;Utilities.SpriteHandler_moveIcon_steelSpike
1120;Utilities.SpriteHandler_normalTiger1
1122;Utilities.SpriteHandler_eggery_egg
1121;Utilities.SpriteHandler_menus_minionXP_fill
1123;Utilities.SpriteHandler_mv_holyFist
1126;Utilities.SpriteHandler_gemTier2_mask
1125;Utilities.SpriteHandler_modStone_extraMoveStone
1124;Utilities.SpriteHandler_generalRoom_floorRunner_rotationConnect
1127;Utilities.SpriteHandler_roomSelect_roomInformationGoButton
1128;Utilities.LevelContainer_Level_2_2_H2
1129;Utilities.LevelContainer_Level_2_2_H1
1130;Utilities.LevelContainer_Level_2_2_H4
1131;Utilities.LevelContainer_Level_2_2_H3
1132;Utilities.SpriteHandler_menus_gemCombiner_npcsGemsBackground
1133;Utilities.SpriteHandler_mv_earthShield
1134;Utilities.LevelContainer_Level_2_3_H1
1135;Utilities.LevelContainer_Level_2_3_H3
1136;Utilities.LevelContainer_Level_2_3_H2
1137;Utilities.LevelContainer_Level_2_3_H4
1139;Utilities.SpriteHandler_generalRoom_topWall_crack
1138;Utilities.SpriteHandler_generalRoom_genericTapestry_fire
1140;Utilities.SpriteHandler_mv_dinoHeadPowerUp
1141;Utilities.SpriteHandler_tutorial_choosingAMinionBar
1142;Utilities.SpriteHandler_mainMenu_credits_returnButton
1143;Utilities.SpriteHandler_menus_selectionPopUp_skillsTreeButton
1144;Utilities.SpriteHandler_moveIcon_wildLance
1145;Utilities.SpriteHandler_tutorial_newTalentPointsPopup
1146;Utilities.SpriteHandler_whiteFadeBackground
1147;Utilities.SpriteHandler_generalRoom_titanDoorBars_up
90;Utilities.SoundController_battle_bubbles
1148;Utilities.SpriteHandler_moveIcon_crush
1150;Utilities.SpriteHandler_menus_speechBubble
1149;Utilities.SpriteHandler_tutorial_clickGroundToDeselectMinion
97;Utilities.SoundController_tower_doorUnlock
1151;Utilities.LevelContainer_Level_4_4_D
1152;Utilities.LevelContainer_Level_4_4_C
1153;Utilities.LevelContainer_Level_4_4_F
1154;Utilities.LevelContainer_Level_4_4_E
1155;Utilities.LevelContainer_Level_4_4_B
1156;Utilities.LevelContainer_Level_4_4_A
1157;Utilities.SpriteHandler_undeadRoom_groundTile_moss
1158;Utilities.SpriteHandler_moveIcon_martyr
1160;Utilities.SpriteHandler_generalRoom_gemSalesman_blanket
1159;Utilities.SpriteHandler_normalRaccoon2
1161;Utilities.SpriteHandler_mv_kindle
1162;Utilities.SpriteHandler_moveIcon_intenseFlame
1163;Utilities.SpriteHandler_mainMenu_saveSlot_gymBadge
1164;Utilities.SpriteHandler_mv_screamingGhost
1165;Utilities.SpriteHandler_gemTier7_shape
1166;Utilities.SpriteHandler_normalRaccoon1
86;Utilities.SoundController_battle_whoosh_swipe
1167;Utilities.SpriteHandler_gemCornerOrange
1168;Utilities.SpriteHandler_mv_iceBlast
1169;Utilities.SpriteHandler_generalRoom_sideTorch_electric
1170;Utilities.SpriteHandler_generalRoom_tableHorn
1171;Utilities.SpriteHandler_menus_minionInfo_filledGemSlot
1173;Utilities.SpriteHandler_waterSeal2
1172;Utilities.SpriteHandler_generalRoom_blocked_bottomDoor
1174;Utilities.SpriteHandler_waterSeal1
1175;Utilities.SpriteHandler_mv_drill
1176;Utilities.SpriteHandler_moveIcon_energize
1177;Utilities.SpriteHandler_tutorial_keyKeeper3
1178;Utilities.SpriteHandler_tutorial_keyKeeper2
1179;Utilities.SpriteHandler_tutorial_keyKeeper1
845;Utilities.LevelContainer_Level_3_3_Eggery
1180;Utilities.SpriteHandler_moveIcon_infest
1181;Utilities.SpriteHandler_moveIcon_mendingInspiration
1182;Utilities.SpriteHandler_mv_staticBurst
1183;Utilities.LevelContainer_Level_6_4_H1
1184;Utilities.LevelContainer_Level_6_4_H2
1185;Utilities.SpriteHandler_fireRoom_gysers
1186;Utilities.LevelContainer_Level_6_4_H5
1187;Utilities.LevelContainer_Level_6_4_H6
1188;Utilities.LevelContainer_Level_6_4_H3
1189;Utilities.LevelContainer_Level_6_4_H4
1191;Utilities.SpriteHandler_hud_inGame_money
1190;Utilities.SpriteHandler_mainCharacter_female_front_7
1192;Utilities.SpriteHandler_mainCharacter_female_front_6
1193;Utilities.SpriteHandler_mainCharacter_female_front_5
1194;Utilities.SpriteHandler_mainCharacter_female_front_4
1195;Utilities.SpriteHandler_fireRoom_rocks
1197;Utilities.SpriteHandler_mainCharacter_female_front_9
1196;Utilities.SpriteHandler_menus_minionStorage_addToPartyButton
1199;Utilities.SpriteHandler_forfeitButton
1198;Utilities.SpriteHandler_mainCharacter_female_front_8
1200;Utilities.SpriteHandler_modStone_shieldStoneCounterIcon
1202;Utilities.SpriteHandler_energyBoar3
1201;Utilities.SpriteHandler_mainCharacter_female_front_3
1204;Utilities.SpriteHandler_energyBoar2
1203;Utilities.SpriteHandler_mainCharacter_female_front_2
1206;Utilities.SpriteHandler_energyBoar1
1205;Utilities.SpriteHandler_mainCharacter_female_front_1
1207;Utilities.SpriteHandler_generalRoom_purple_floorRunner_rotationConnect
67;Utilities.SoundController_battle_whoosh_highPitch
1208;Utilities.SpriteHandler_mv_fireBlast
1209;Utilities.SpriteHandler_energyScorpion2
1211;Utilities.SpriteHandler_energyScorpion1
1210;Utilities.SpriteHandler_mv_touchFire
1213;Utilities.SpriteHandler_energyScorpion3
1212;Utilities.SpriteHandler_moveIcon_fireball
1214;Utilities.SpriteHandler_generalRoom_lobby_bottomDoor
1215;Utilities.LevelContainer_Level_6_3_E
1217;Utilities.SpriteHandler_mv_waterFist
1216;Utilities.LevelContainer_Level_6_3_D
1218;Utilities.LevelContainer_Level_6_3_C
1219;Utilities.LevelContainer_Level_6_3_B
1221;Utilities.SpriteHandler_electricRoom_junkPile
1220;Utilities.LevelContainer_Level_6_3_A
1222;Utilities.SpriteHandler_sageSeal_background
1223;Utilities.SpriteHandler_menus_undeadMedallion
87;Utilities.SoundController_tower_keyPickup
1224;Utilities.SpriteHandler_menus_statsBars_full_speed
1226;Utilities.SpriteHandler_undeadRoom_gothEnemy_side
1225;Utilities.LevelContainer_Level_6_3_G
1229;Utilities.SpriteHandler_generalRoom_topDoor_floorPatch
1228;Utilities.SpriteHandler_generalRoom_upperRight_tSection
1227;Utilities.LevelContainer_Level_6_3_F
1230;Utilities.SpriteHandler_generalRoom_hardEnemy
1231;Utilities.SpriteHandler_mv_rock1
1232;Utilities.SpriteHandler_mv_rock2
262;Utilities.SpriteHandler_tutorial_useATank
1233;Utilities.SpriteHandler_generalRoom_partialWall
1234;Utilities.SpriteHandler_mv_greenSkull
77;Utilities.SoundController_battle_whoosh_punch
1235;Utilities.SpriteHandler_menus_skillTree_advancedTabsLeft
1236;Utilities.SpriteHandler_plantRoom_sideWall
1237;Utilities.SpriteHandler_generalRoom_genericTapestrySide_demon
1238;Utilities.SpriteHandler_undeadRoom_bottomDoor
1239;Utilities.SpriteHandler_fireRoom_topWall
1240;Utilities.SpriteHandler_electricRoom_bookshelf_beakers
70;Utilities.SoundController_menu_onPress
1241;Utilities.SpriteHandler_fireRoom_palmTrees
1244;Utilities.SpriteHandler_menus_minionStorage_currTeamIndecator
1243;Utilities.SpriteHandler_mv_blueSwoopingArrows
1242;Utilities.SpriteHandler_mainMenu_titleScreen_background
1245;Utilities.SpriteHandler_moveIcon_holyBurn
73;Utilities.SoundController_battle_victory
1246;Utilities.SpriteHandler_generalRoom_sideTorch2
1248;Utilities.SpriteHandler_robotAnteater
1247;Utilities.SpriteHandler_generalRoom_sideTorch1
1249;Utilities.SpriteHandler_demonicCat1
1251;Utilities.SpriteHandler_demonicCat2
1250;Utilities.SpriteHandler_generalRoom_topTorch_plantGlow
1252;Utilities.SpriteHandler_moveIcon_staticPummel
1253;Utilities.SpriteHandler_generalRoom_sideTorch6
1254;Utilities.SpriteHandler_generalRoom_sideTorch5
1255;Utilities.SpriteHandler_generalRoom_sideTorch4
1256;Utilities.SpriteHandler_generalRoom_sideTorch3
1257;Utilities.SpriteHandler_generalRoom_expertEnemy
1258;Utilities.SpriteHandler_moveIcon_forcefulHeal
1259;Utilities.LevelContainer_Level_5_2_H1
1260;Utilities.LevelContainer_Level_5_2_H2
1262;Utilities.SpriteHandler_mainCharacter_male_side_still
1261;Utilities.LevelContainer_Level_5_2_H3
35;Utilities.SoundController_battle_hit_thump_splat
1263;Utilities.SpriteHandler_tutorial_starsAndNewMinions
1266;Utilities.SpriteHandler_plantRoom_forestEnemyGirl_front
1265;Utilities.SpriteHandler_battleScreenMenus_fillBar_energyFill
1264;Utilities.SpriteHandler_room_goldChest
1268;Utilities.SpriteHandler_gemTier5_shape
1267;Utilities.SpriteHandler_flyingSongbird3
1270;Utilities.SpriteHandler_mv_crazyBlast
1269;Utilities.SpriteHandler_gemCornerRed
1271;Utilities.SpriteHandler_moveIcon_rockThrow
1272;Utilities.SpriteHandler_generalRoom_green_floorRunnerMid2
1273;Utilities.LevelContainer_Level_1_2_E
1274;Utilities.LevelContainer_Level_1_2_D
1276;Utilities.SpriteHandler_bonusItems_minionBackground
1275;Utilities.SpriteHandler_hud_inGame_gem
1277;Utilities.SpriteHandler_flyingSongbird1
1278;Utilities.SpriteHandler_flyingSongbird2
1280;Utilities.SpriteHandler_mv_orangeHealthSymbol
1279;Utilities.LevelContainer_Level_1_2_H1
1281;Utilities.LevelContainer_Level_1_2_H3
1283;Utilities.SpriteHandler_mv_snowflake
1282;Utilities.LevelContainer_Level_1_2_H2
1284;Utilities.LevelContainer_Level_1_2_B
1287;Utilities.SpriteHandler_tutorial_firstGemMenuPopup
1286;Utilities.SpriteHandler_tutorial_chooseAMove
1285;Utilities.LevelContainer_Level_1_2_C
1288;Utilities.SpriteHandler_mv_focusedCharge
1292;Utilities.SpriteHandler_menus_gemMenu_equipButton
1291;Utilities.SpriteHandler_moveIcon_chargePass
1290;Utilities.SpriteHandler_generalRoom_green_floorRunnerMid1
1289;Utilities.LevelContainer_Level_1_2_A
1295;Utilities.SpriteHandler_moveIcon_fireRam
1294;Utilities.SpriteHandler_sageSeal_2_3
1293;Utilities.SpriteHandler_menus_minionInfo_energyBar_full
1296;Utilities.SpriteHandler_sageSeal_2_1
1297;Utilities.SpriteHandler_sageSeal_2_2
1298;Utilities.SpriteHandler_electricRoom_crate
1299;Utilities.SpriteHandler_menus_gemCombiner_resetButton
1300;Utilities.SpriteHandler_moveIcon_thunderstorm
1301;Utilities.SpriteHandler_plantRoom_groundTile_clover
1302;Utilities.LevelContainer_Level_1_2_H4
1304;Utilities.SpriteHandler_undeadRoom_ribs
1303;Utilities.SpriteHandler_room_expertTeleporter
1305;Utilities.SpriteHandler_roomSelect_towerCoveredLock
1306;Utilities.SpriteHandler_gemCornerYellow
230;Utilities.LevelContainer_Level_5_3_Eggery
1307;Utilities.SpriteHandler_generalRoom_genericTapestrySide_electric
1308;Utilities.SpriteHandler_mv_rottenHeart
1309;Utilities.SpriteHandler_mv_sprout
1310;Utilities.SpriteHandler_mv_metalMold
1311;Utilities.SpriteHandler_earthWorm2
1313;Utilities.SpriteHandler_earthWorm1
1312;Utilities.SpriteHandler_battleScreenMenus_movesDeselectButton
1314;Utilities.SpriteHandler_earthWorm3
1315;Utilities.SpriteHandler_fireRoom_upperRightCorner
1316;Utilities.SpriteHandler_moveIcon_platinum
1317;Utilities.SpriteHandler_plantRoom_lowerRightCorner
213;Utilities.LevelContainer_Level_6_2_Eggery
1319;Utilities.SpriteHandler_undeadLich3
1318;Utilities.SpriteHandler_battleScreenMenus_fillBar_background
1321;Utilities.SpriteHandler_undeadLich1
1320;Utilities.SpriteHandler_moveIcon_ashenReminder
1322;Utilities.SpriteHandler_undeadLich2
1323;Utilities.LevelContainer_Level_4_3_H4
1324;Utilities.LevelContainer_Level_4_3_H5
1325;Utilities.LevelContainer_Level_4_3_H1
1327;Utilities.LevelContainer_Level_4_3_H2
1326;Utilities.SpriteHandler_mv_missle
1329;Utilities.LevelContainer_Level_4_3_H3
1328;Utilities.SpriteHandler_generalRoom_healStone_glow
1330;Utilities.SpriteHandler_moveIcon_cleansingHeal
1331;Utilities.SpriteHandler_moveIcon_waterSlam
1332;Utilities.SpriteHandler_mv_ancientForce
1333;Utilities.LevelContainer_Level_1_4_H4
1334;Utilities.LevelContainer_Level_1_4_H2
1335;Utilities.LevelContainer_Level_1_4_H3
1337;Utilities.SpriteHandler_mv_meteor
1336;Utilities.SpriteHandler_generalRoom_tableRunner
1338;Utilities.LevelContainer_Level_1_4_H1
1339;Utilities.SpriteHandler_plantRoom_path_upperLeft
24;Utilities.SoundController_menu_tutorialOpen
1341;Utilities.SpriteHandler_menus_minionInfo_emptyGemSlot
1340;Utilities.SpriteHandler_menus_sponsorMoreGames_background
1342;Utilities.SpriteHandler_moveIcon_twinMissile
1344;Utilities.SpriteHandler_undeadRoom_gothEnemy_front
1343;Utilities.SpriteHandler_generalRoom_fountain
1345;Utilities.SpriteHandler_menus_minionInfo_healthBar_cap
1346;Utilities.SpriteHandler_fireMonkey2
1348;Utilities.SpriteHandler_fireMonkey1
1347;Utilities.SpriteHandler_mv_nuclearWater
1349;Utilities.SpriteHandler_moveIcon_spark
1350;Utilities.SpriteHandler_menus_statsBars_full_armor
1351;Utilities.SpriteHandler_plantRoom_bottomDoor
1352;Utilities.SpriteHandler_mainMenu_characterCreationBackground
1353;Utilities.SpriteHandler_tutorial_deathIcon
1354;Utilities.LevelContainer_Level_5_4_H1
1355;Utilities.SpriteHandler_moveIcon_meteorStrike
51;Utilities.SoundController_tower_runningWater
1357;Utilities.LevelContainer_Level_5_4_H4
1356;Utilities.SpriteHandler_electricRoom_wallCables_bottom
1358;Utilities.LevelContainer_Level_5_4_H3
1359;Utilities.LevelContainer_Level_5_4_H2
1360;Utilities.SpriteHandler_moveIcon_rockBlast
1361;Utilities.SpriteHandler_iceTree1
1362;Utilities.SpriteHandler_iceTree2
1363;Utilities.SpriteHandler_menus_youMenu_starUpgradeButtonExtraMoney
1364;Utilities.SpriteHandler_eggery_eggPit_front
1365;Utilities.SpriteHandler_undeadRoom_topWall
1366;Utilities.SpriteHandler_battleScreenMenus_fillBar_expFill
1367;Utilities.SpriteHandler_plantRoom_trellis
1368;Utilities.SpriteHandler_roomSelect_towerTop
1369;Utilities.SpriteHandler_moveIcon_mortify
1370;Utilities.LevelContainer_Level_3_2_F
96;Utilities.SoundController_tower_gemPickup
1371;Utilities.LevelContainer_Level_3_2_D
1372;Utilities.LevelContainer_Level_3_2_E
1373;Utilities.LevelContainer_Level_3_2_B
1374;Utilities.LevelContainer_Level_3_2_C
1375;Utilities.LevelContainer_Level_3_2_A
1376;Utilities.SpriteHandler_titleScreen_electricSageStone
1377;Utilities.SpriteHandler_moveDescription_type_ice
1378;Utilities.SpriteHandler_moveIcon_drain
1379;Utilities.SpriteHandler_mv_razorWhip
1380;Utilities.SpriteHandler_menus_gemMenu_unEquipButton
1381;Utilities.SpriteHandler_moveIcon_taunt
1382;Utilities.SpriteHandler_menus_gemCombiner_male_charIcon
1384;Utilities.SpriteHandler_tutorial_backgroundLarge
1383;Utilities.SpriteHandler_moveDescription_type_fire
1385;Utilities.LevelContainer_Level_2_1_H1
1389;Utilities.LevelContainer_Level_2_1_H3
1388;Utilities.SpriteHandler_moveIcon_grassBlade
1387;Utilities.SpriteHandler_plantRoom_river_corner
1386;Utilities.SpriteHandler_menus_youMenu_starUpgradeButtonHealing
1390;Utilities.LevelContainer_Level_2_1_H2
1391;Utilities.SpriteHandler_mv_motionArcsYellow
1392;Utilities.SpriteHandler_generalRoom_topTable_center
1393;Utilities.SpriteHandler_menus_youMenu_gemBackground
1394;Utilities.SpriteHandler_plantRoom_upperRightCorner
85;Utilities.SoundController_battle_spark
1395;Utilities.SpriteHandler_fireRoom_groundTile_foliage
1396;Utilities.SpriteHandler_fireRoom_path_upperLeft
1397;Utilities.SpriteHandler_mv_downwardAirImpact
1399;Utilities.SpriteHandler_demonicEyeball1
1398;Utilities.SpriteHandler_gemTier7_mask
1400;Utilities.SpriteHandler_demonicEyeball2
1401;Utilities.SpriteHandler_demonicEyeball3
28;Utilities.SoundController_battleTrack
1402;Utilities.SpriteHandler_menus_emptyGemSocket
1403;Utilities.SpriteHandler_tutorial_energyBarArrow
1404;Utilities.SpriteHandler_undeadRoom_bush
1405;Utilities.SpriteHandler_menus_youMenu_starUpgradeButtonWalkSpeed
1407;Utilities.SpriteHandler_moveIcon_kingsRush
1406;Utilities.SpriteHandler_moveIcon_recklessDash
1408;Utilities.SpriteHandler_bonusItems_sureButton
1409;Utilities.LevelContainer_Level_5_gym
1410;Utilities.SpriteHandler_gemTier1_mask
37;Utilities.SoundController_battle_hit_thump_knock
1411;Utilities.SpriteHandler_electricRoom_barrel
23;Utilities.SoundController_battle_levelUp
1412;Utilities.SpriteHandler_generalRoom_bottomTorch_undead
1046;Utilities.LevelContainer_Level_3_1_Eggery
1415;Utilities.SpriteHandler_moveIcon_piercingCharge
1414;Utilities.SpriteHandler_menus_statsBackground
1413;Utilities.SpriteHandler_damageRedirected
1416;Utilities.SpriteHandler_energyJellyfish1
1417;Utilities.SpriteHandler_energyJellyfish2
1418;Utilities.SpriteHandler_menus_selectionPopUp_detailsButton
1420;Utilities.SpriteHandler_menus_gemCombiner_CombineButton
1419;Utilities.SpriteHandler_mv_holyBurn
1421;Utilities.SpriteHandler_moveIcon_batchBolt
1422;Utilities.SpriteHandler_generalRoom_detailTapestry_fire
1423;Utilities.SpriteHandler_critPopup
1424;Utilities.SpriteHandler_menus_topDownMenuPopUp_minionDex
1425;Utilities.SpriteHandler_menus_scrollButton_down
1426;Utilities.SpriteHandler_mainMenu_characterCreation_editNameButton
1427;Utilities.SpriteHandler_menus_plantMedallion
1428;Utilities.SpriteHandler_moveIcon_flurry
1429;Utilities.SpriteHandler_mv_demonEye
1430;Utilities.SpriteHandler_tutorial_newTalentPointsPopup_side
1431;Utilities.SpriteHandler_gemTier3_shape
1433;Utilities.LevelContainer_Level_5_3_B
1432;Utilities.LevelContainer_Level_2_1_A
1434;Utilities.LevelContainer_Level_5_3_A
1435;Utilities.LevelContainer_Level_2_1_C
1437;Utilities.SpriteHandler_menus_minionIcon_mask
1436;Utilities.LevelContainer_Level_2_1_B
1438;Utilities.SpriteHandler_generalRoom_plantGymStatue
1439;Utilities.LevelContainer_Level_5_3_E
1440;Utilities.LevelContainer_Level_5_3_D
1441;Utilities.LevelContainer_Level_5_3_C
1442;Utilities.LevelContainer_Level_2_1_D
1444;Utilities.SpriteHandler_menus_statsBars_cap_armorPenetration
1443;Utilities.LevelContainer_Level_2_1_E
1445;Utilities.LevelContainer_Level_3_1_H5
1446;Utilities.LevelContainer_Level_5_3_H2
1447;Utilities.LevelContainer_Level_5_3_H1
1448;Utilities.LevelContainer_Level_5_3_H3
1449;Utilities.SpriteHandler_menus_minionStorage_swapButtonOn
1450;Utilities.SpriteHandler_roomSelect_grandSageIcon
1452;Utilities.SpriteHandler_roomSelect_roomInformationNewIcon
1451;Utilities.SpriteHandler_mv_hornedskull
1453;Utilities.SpriteHandler_moveIcon_rancidBite
1454;Utilities.SpriteHandler_moveIcon_spike
1455;Utilities.SpriteHandler_generalRoom_wideRedRunner_connector
845;Utilities.LevelContainer_Level_1_1_Eggery
1456;Utilities.SpriteHandler_undeadRoom_bottomWall
1457;Utilities.SpriteHandler_mainMenu_doorAnimationMask1
1459;Utilities.SpriteHandler_mv_lightningBolt
1458;Utilities.SpriteHandler_plantRoom_groundTile_flowers
1460;Utilities.SpriteHandler_menus_gameplayMenuTab
1461;Utilities.SpriteHandler_gemTier11_shape
1462;Utilities.SpriteHandler_fireRoom_groundTile_fossils
68;Utilities.SoundController_titleTrack
1463;Utilities.SpriteHandler_menus_skillTree_background
1465;Utilities.SpriteHandler_moveIcon_waterInfusion
1464;Utilities.SpriteHandler_generalRoom_genericTapestrySide_dino
1466;Utilities.SpriteHandler_gemTier4_mask
1467;Utilities.SpriteHandler_electricRoom_cyborgEnemy_side
61;Utilities.SoundController_battle_swipe
1468;Utilities.SpriteHandler_mainCharacter_female_front_still
1469;Utilities.SpriteHandler_moveIcon_roar
81;Utilities.SoundController_battle_buff
1470;Utilities.SpriteHandler_moveIcon_titanRecovery
1471;Utilities.SpriteHandler_menus_movesBackground
1472;Utilities.SpriteHandler_generalRoom_sideTorch_plant
1473;Utilities.SpriteHandler_menus_minionType_undead
1474;Utilities.SpriteHandler_mainCharacter_female_back_still
1475;Utilities.SpriteHandler_mv_lance
1476;Utilities.SpriteHandler_generalRoom_upperLeftCorner
1477;Utilities.SpriteHandler_generalRoom_topTable_left
1478;Utilities.SpriteHandler_mv_skeletonHand
1480;Utilities.SpriteHandler_undeadRoom_mushrooms
1479;Utilities.SpriteHandler_mv_fireFist
1481;Utilities.SpriteHandler_menus_minionInfo_healthBar_full
1482;Utilities.SpriteHandler_mv_skullAndFlames
1483;Utilities.SpriteHandler_undeadRoom_upperRightCorner
1484;Utilities.SpriteHandler_mv_wave
1485;Utilities.SpriteHandler_mainMenu_ourLogo
1486;Utilities.SpriteHandler_moveIcon_lifelessTouch
1487;Utilities.SpriteHandler_generalRoom_bottomTorch_plant
1488;Utilities.SpriteHandler_generalRoom_genericTapestry_plant
1489;Utilities.SpriteHandler_moveIcon_mirrorCoating
1490;Utilities.SpriteHandler_moveIcon_bloodPress
1491;Utilities.SpriteHandler_plantRoom_river_leftEnd
1492;Utilities.SpriteHandler_battleScreenBackground_sky
1046;Utilities.LevelContainer_Level_2_1_Eggery
1493;Utilities.SpriteHandler_battleScreenBackground_clouds
1494;Utilities.SpriteHandler_mv_tricerotopsHead
1495;Utilities.SpriteHandler_gemTier10_shape
98;Utilities.SoundController_battle_whoosh
1496;Utilities.SpriteHandler_generalRoom_tableCandles
1498;Utilities.SpriteHandler_tutorial_showMeButton
1497;Utilities.SpriteHandler_battleScreenBackground_island
1499;Utilities.SpriteHandler_menus_settings_nextGraphicSetting
1500;Utilities.SpriteHandler_generalRoom_gymDais
1501;Utilities.SpriteHandler_mainCharacter_male_side_1
1502;Utilities.SpriteHandler_mainCharacter_male_side_2
1503;Utilities.SpriteHandler_moveIcon_demonicSacrifice
1505;Utilities.SpriteHandler_menus_pendant
1504;Utilities.SpriteHandler_fireRoom_lowerLeftCorner
1506;Utilities.SpriteHandler_mv_ashenReminder
1507;Utilities.SpriteHandler_undeadRoom_path_lowerLeft
1508;Utilities.SpriteHandler_tutorial_bonusRooms
1510;Utilities.SpriteHandler_generalRoom_titanEggPit_front
1509;Utilities.SpriteHandler_mainMenu_titleScreen_sponsorLogo
1511;Utilities.SpriteHandler_mainCharacter_male_side_6
1512;Utilities.SpriteHandler_mainCharacter_male_side_5
1514;Utilities.SpriteHandler_mainCharacter_male_side_4
1513;Utilities.SpriteHandler_roomSelect_maleIcon
1515;Utilities.SpriteHandler_mainCharacter_male_side_3
1516;Utilities.SpriteHandler_mv_eyes
1518;Utilities.LevelContainer_Level_1_gym
1517;Utilities.SpriteHandler_mainCharacter_male_side_9
1520;Utilities.SpriteHandler_mainCharacter_male_side_8
1519;Utilities.SpriteHandler_eggery_hay
1522;Utilities.SpriteHandler_mainCharacter_male_side_7
1521;Utilities.SpriteHandler_menus_topDownMenuPopUp_you
1523;Utilities.SpriteHandler_generalRoom_genericTapestry_dino
1524;Utilities.SpriteHandler_generalRoom_minionKeeper
1525;Utilities.SpriteHandler_moveIcon_wildTackle
60;Utilities.SoundController_doorEntryHum
1526;Utilities.SpriteHandler_mv_goldSword
1527;Utilities.SpriteHandler_mainCharacter_female_back_6
1528;Utilities.SpriteHandler_mainCharacter_female_back_7
1530;Utilities.SpriteHandler_mainMenu_saveSlot_starIcon
1529;Utilities.SpriteHandler_mainCharacter_female_back_8
1531;Utilities.SpriteHandler_mainCharacter_female_back_9
1533;Utilities.SpriteHandler_mv_lightningBlast
1532;Utilities.SpriteHandler_mainCharacter_female_back_2
1534;Utilities.SpriteHandler_mainCharacter_female_back_3
1535;Utilities.SpriteHandler_mainCharacter_female_back_4
1536;Utilities.SpriteHandler_mainCharacter_female_back_5
1537;Utilities.SpriteHandler_menu_skipIntroButton
63;Utilities.SoundController_battle_whoosh_falling_object
1538;Utilities.SpriteHandler_menus_gemSelectBackground
1539;Utilities.SpriteHandler_menus_selectionPopUp_cancelButton
1541;Utilities.SpriteHandler_menus_minionType_normal
1540;Utilities.SpriteHandler_battleScreenMenus_fillBar_shieldCap
1542;Utilities.SpriteHandler_mv_swoopingArrows
1543;Utilities.LevelContainer_Level_2_3_Eggery
1545;Utilities.SpriteHandler_electricRoom_floorTile
1544;Utilities.SpriteHandler_fireRoom_voodooEnemy_side
1547;Utilities.LevelContainer_Level_4_3_A
1546;Utilities.SpriteHandler_moveIcon_haunt
1548;Utilities.LevelContainer_Level_4_3_C
1550;Utilities.LevelContainer_Level_4_3_B
1549;Utilities.SpriteHandler_electricRoom_labcoatEnemy_side
1551;Utilities.LevelContainer_Level_4_3_E
1552;Utilities.LevelContainer_Level_4_3_D
1543;Utilities.LevelContainer_Level_2_2_Eggery
1554;Utilities.LevelContainer_Level_4_3_F
1553;Utilities.SpriteHandler_minionPedia_background
1555;Utilities.SpriteHandler_moveDescription_type_water
1556;Utilities.SpriteHandler_generalRoom_genericTapestrySide_undead
1557;Utilities.SpriteHandler_mv_iceBarrier
84;Utilities.SoundController_battle_exhausted
48;Utilities.SoundController_battle_roar
5;Utilities.SpriteHandler_MAIN_FONT
1558;Utilities.SpriteHandler_mv_mirror
1559;Utilities.SpriteHandler_generalRoom_largePillar
1560;Utilities.SpriteHandler_moveIcon_mirrorSkin
1561;Utilities.SpriteHandler_holyPinkBell
1562;Utilities.SpriteHandler_roomSelect_undeadRoom
47;Utilities.SoundController_battle_ghostWispher
1563;Utilities.SpriteHandler_menus_plantWizardMedallion
1564;Utilities.SpriteHandler_generalRoom_topTorch7
1565;Utilities.SpriteHandler_generalRoom_topTorch6
1566;Utilities.SpriteHandler_generalRoom_topTorch5
1567;Utilities.SpriteHandler_generalRoom_topTorch4
1568;Utilities.SpriteHandler_generalRoom_topTorch3
1570;Utilities.SpriteHandler_generalRoom_topTorch2
1569;Utilities.SpriteHandler_moveIcon_pound
1571;Utilities.SpriteHandler_generalRoom_topTorch1
34;Utilities.SoundController_battle_blood3
1572;Utilities.LevelContainer_Level_1_2_Eggery
1573;Utilities.SpriteHandler_moveIcon_wildfire
31;Utilities.SoundController_battle_blood1
1574;Utilities.SpriteHandler_generalRoom_topTorch_electric
1575;Utilities.SpriteHandler_generalRoom_bossEnemy
1576;Utilities.SpriteHandler_fireRoom_femaleFireEnemy_side
1577;Utilities.SpriteHandler_normalArmadillo
1579;Utilities.SpriteHandler_moveIcon_destabalize
1578;Utilities.SpriteHandler_mv_starburst
1581;Utilities.SpriteHandler_menus_statsBars_full_armorPenetration
1580;Utilities.SpriteHandler_generalRoom_topTable_right
1582;Utilities.SpriteHandler_generalRoom_fireGymEnemy
1583;Utilities.SpriteHandler_mv_handsAndPlant
1584;Utilities.SpriteHandler_plantRoom_stump
1585;Utilities.SpriteHandler_mainMenu_characterCreation_maleIcon
1586;Utilities.SpriteHandler_undeadRoom_sideDoor
1587;Utilities.SpriteHandler_generalRoom_floorMosaic_sun
1588;Utilities.SpriteHandler_undeadRoom_path_upperLeft
1589;Utilities.SpriteHandler_moveIcon_metalShield
1591;Utilities.SpriteHandler_mainCharacter_female_front_10
1590;Utilities.SpriteHandler_undeadCrow2
1592;Utilities.SpriteHandler_undeadCrow3
1593;Utilities.SpriteHandler_generalRoom_lowerRightCorner
1594;Utilities.SpriteHandler_tutorial_selectYourMinion
1595;Utilities.SpriteHandler_plantRoom_upperLeftCorner
1596;Utilities.SpriteHandler_undeadRoom_groundTile_cobwebs
1598;Utilities.SpriteHandler_generalRoom_plantMedallionStatue
1597;Utilities.LevelContainer_Level_6_4_F
1599;Utilities.LevelContainer_Level_6_4_E
1600;Utilities.SpriteHandler_visualMove_charging
1601;Utilities.SpriteHandler_fireRoom_topDoor
1602;Utilities.SpriteHandler_menus_speechBubble_yesButton
1603;Utilities.LevelContainer_Level_6_4_D
1604;Utilities.LevelContainer_Level_6_4_C
1606;Utilities.SpriteHandler_plantRoom_forestEnemyBoy_front
1605;Utilities.LevelContainer_Level_6_4_B
1607;Utilities.LevelContainer_Level_6_4_A
1608;Utilities.SpriteHandler_menus_minionType_ice
1609;Utilities.SpriteHandler_generalRoom_floorMosaic_target
1610;Utilities.SpriteHandler_mainMenu_titleScreen_doorRight
1611;Utilities.SpriteHandler_plantGorilla1
1612;Utilities.SpriteHandler_plantGorilla2
1613;Utilities.SpriteHandler_moveIcon_brilliance
1614;Utilities.SpriteHandler_tutorial_pressSpacekey_up
1617;Utilities.SpriteHandler_undeadRoom_swamp
1616;Utilities.SpriteHandler_plantRoom_bottomWall
1615;Utilities.LevelContainer_Level_4_4_H1
1619;Utilities.SpriteHandler_mv_bearTrap
1618;Utilities.LevelContainer_Level_4_4_H2
1620;Utilities.LevelContainer_Level_4_4_H3
1621;Utilities.LevelContainer_Level_4_4_H4
1622;Utilities.SpriteHandler_mv_stoneBarrier
1623;Utilities.SpriteHandler_electricRoom_bookshelf
1624;Utilities.SpriteHandler_mv_poisonDrop
1625;Utilities.SpriteHandler_generalRoom_healAnimation_healed
1626;Utilities.SpriteHandler_mv_vines
1627;Utilities.SpriteHandler_plantRoom_lowerLeftWallSection
1628;Utilities.SpriteHandler_mv_smallYellowImpact
1629;Utilities.SpriteHandler_electricRoom_teslaCoil
1630;Utilities.SpriteHandler_menus_topDownMenuPopUp_minions
1631;Utilities.SpriteHandler_undeadCrow1
1632;Utilities.SpriteHandler_moveIcon_stoneFall
1633;Utilities.SpriteHandler_menus_minionType_flying
1634;Utilities.SpriteHandler_fireToad1
1636;Utilities.SpriteHandler_mv_demonFist
1635;Utilities.SpriteHandler_topDown_pictureGiftButton
1637;Utilities.SpriteHandler_menus_skillTree_advancedTabsCentert
1639;Utilities.SpriteHandler_moveDescription_type_undead
1638;Utilities.SpriteHandler_mv_cuttingWind
1641;Utilities.SpriteHandler_flyingGriffin2
1640;Utilities.SpriteHandler_moveDescription_type_robot
1642;Utilities.SpriteHandler_flyingGriffin1
1643;Utilities.SpriteHandler_battleScreenMenus_evolution_popUp
1644;Utilities.SpriteHandler_menus_skillTree_specializationBackground
1645;Utilities.SpriteHandler_undeadRoom_groundTile
1646;Utilities.SpriteHandler_moveIcon_persaverance
1647;Utilities.SpriteHandler_generalRoom_tablePlate
1648;Utilities.SpriteHandler_mv_dinoClaw
1649;Utilities.SpriteHandler_tutorial_expertTrainer
1651;Utilities.SpriteHandler_battleScreenMenus_turnIndicator_player
1650;Utilities.SpriteHandler_generalRoom_yellow_floorRunnerTop
1652;Utilities.SpriteHandler_fireToad2
1653;Utilities.SpriteHandler_fireToad3
1654;Utilities.SpriteHandler_menus_fireMedallion
1655;Utilities.SpriteHandler_moveIcon_blaze
1656;Utilities.SpriteHandler_generalRoom_titanDoorGaurd1
1657;Utilities.SpriteHandler_generalRoom_titanDoorGaurd2
1658;Utilities.LevelContainer_Level_1_1_E
1659;Utilities.SpriteHandler_menus_minionIcon_background
1660;Utilities.SpriteHandler_sageSeal_3_2
1662;Utilities.SpriteHandler_sageSeal_3_3
1661;Utilities.SpriteHandler_plantRoom_groundTile
1663;Utilities.SpriteHandler_sageSeal_3_1
1664;Utilities.LevelContainer_Level_1_1_C
1665;Utilities.LevelContainer_Level_1_1_D
1667;Utilities.SpriteHandler_plantLizard
1666;Utilities.LevelContainer_Level_1_1_A
1669;Utilities.SpriteHandler_eggery_minionDetailsBackground
1668;Utilities.LevelContainer_Level_1_1_B
1671;Utilities.SpriteHandler_mv_sword
1670;Utilities.SpriteHandler_earthBeetle1
1672;Utilities.SpriteHandler_earthBeetle2
1673;Utilities.SpriteHandler_earthBeetle3
1543;Utilities.LevelContainer_Level_2_4_Eggery
1674;Utilities.SpriteHandler_moveIcon_hailstone
83;Utilities.SoundController_battle_glassBreaking
1675;Utilities.SpriteHandler_titan2
1676;Utilities.SpriteHandler_menus_settings_graphicSetting_low
1677;Utilities.SpriteHandler_featheredSerpent
845;Utilities.LevelContainer_Level_3_2_Eggery
1678;Utilities.SpriteHandler_titan1
1679;Utilities.SpriteHandler_gemTier9_mask
1680;Utilities.SpriteHandler_generalRoom_lobby_sideDoor
